episode_reward_max,episode_reward_min,episode_reward_mean,episode_len_mean,episodes_this_iter,num_healthy_workers,timesteps_total,done,episodes_total,training_iteration,experiment_id,date,timestamp,time_this_iter_s,time_total_s,pid,hostname,node_ip,time_since_restore,timesteps_since_restore,iterations_since_restore,trial_id,experiment_tag,hist_stats/episode_reward,hist_stats/episode_lengths,sampler_perf/mean_env_wait_ms,sampler_perf/mean_processing_ms,sampler_perf/mean_inference_ms,timers/sample_time_ms,timers/sample_throughput,timers/learn_time_ms,timers/learn_throughput,timers/update_time_ms,info/num_steps_sampled,info/num_steps_trained,perf/cpu_util_percent,perf/ram_util_percent,info/learner/default_policy/allreduce_latency,info/learner/default_policy/grad_gnorm
5.0,0.0,0.7622377622377622,102.62937062937063,143,7,17920,False,143,1,02d1bc847244430d94cb908fde85c242,2020-11-11_00-39-50,1605055190,37.961567640304565,37.961567640304565,5379,ip-172-31-71-7,172.31.71.7,37.961567640304565,0,1,4b366_00000,0,"[2.0, 0.0, 0.0, 0.0, 0.0, 3.0, 0.0, 0.0, 1.0, 1.0, 0.0, 1.0, 0.0, 0.0, 1.0, 0.0, 0.0, 0.0, 1.0, 0.0, 0.0, 2.0, 3.0, 1.0, 0.0, 1.0, 0.0, 2.0, 0.0, 0.0, 1.0, 0.0, 0.0, 0.0, 0.0, 2.0, 2.0, 0.0, 0.0, 2.0, 0.0, 0.0, 5.0, 0.0, 0.0, 0.0, 0.0, 0.0, 1.0, 1.0, 0.0, 1.0, 0.0, 0.0, 4.0, 2.0, 0.0, 1.0, 1.0, 0.0, 0.0, 0.0, 0.0, 0.0, 0.0, 1.0, 1.0, 2.0, 1.0, 2.0, 1.0, 0.0, 0.0, 0.0, 0.0, 0.0, 0.0, 0.0, 0.0, 0.0, 0.0, 1.0, 0.0, 2.0, 0.0, 0.0, 0.0, 0.0, 2.0, 3.0, 0.0, 0.0, 2.0, 1.0, 3.0, 1.0, 0.0, 3.0, 0.0, 1.0, 0.0, 0.0, 2.0, 0.0, 0.0, 0.0, 1.0, 0.0, 1.0, 2.0, 0.0, 0.0, 0.0, 2.0, 1.0, 0.0, 3.0, 0.0, 1.0, 4.0, 0.0, 0.0, 0.0, 4.0, 0.0, 0.0, 1.0, 0.0, 4.0, 0.0, 0.0, 0.0, 0.0, 1.0, 0.0, 1.0, 0.0, 2.0, 2.0, 1.0, 0.0, 3.0, 4.0]","[53, 61, 12, 108, 66, 155, 12, 60, 52, 166, 17, 245, 17, 39, 116, 56, 93, 69, 70, 49, 50, 16, 177, 109, 52, 58, 61, 104, 70, 80, 93, 28, 47, 46, 75, 292, 199, 64, 54, 124, 221, 44, 204, 30, 109, 54, 91, 131, 140, 52, 101, 109, 283, 42, 333, 135, 107, 109, 323, 123, 76, 35, 55, 85, 154, 171, 117, 183, 152, 121, 123, 143, 162, 63, 48, 36, 61, 81, 57, 91, 28, 127, 66, 92, 57, 59, 71, 11, 95, 151, 96, 27, 149, 151, 105, 97, 101, 255, 106, 81, 113, 42, 176, 13, 31, 53, 85, 51, 98, 152, 178, 42, 54, 166, 144, 40, 142, 53, 80, 319, 28, 32, 245, 228, 105, 45, 77, 78, 112, 130, 25, 102, 104, 116, 175, 108, 3, 192, 84, 94, 98, 158, 310]",0.46490504266222565,1.1416894743224428,9.307524401290161,15219.972,1177.4,22642.935,791.417,5.107,17920,17920,27.14909090909091,38.354545454545445,0.0,0.54603183
14.0,0.0,0.8466666666666667,123.21333333333334,150,7,35840,False,293,2,02d1bc847244430d94cb908fde85c242,2020-11-11_00-40-17,1605055217,27.564472675323486,65.52604031562805,5379,ip-172-31-71-7,172.31.71.7,65.52604031562805,0,2,4b366_00000,0,"[1.0, 0.0, 0.0, 0.0, 1.0, 1.0, 0.0, 2.0, 0.0, 1.0, 0.0, 0.0, 0.0, 0.0, 0.0, 0.0, 14.0, 0.0, 4.0, 2.0, 1.0, 0.0, 1.0, 0.0, 1.0, 1.0, 0.0, 1.0, 1.0, 0.0, 2.0, 6.0, 2.0, 0.0, 1.0, 0.0, 0.0, 1.0, 0.0, 0.0, 0.0, 0.0, 3.0, 1.0, 0.0, 4.0, 1.0, 2.0, 1.0, 0.0, 2.0, 2.0, 3.0, 2.0, 0.0, 0.0, 0.0, 1.0, 1.0, 0.0, 0.0, 2.0, 0.0, 0.0, 0.0, 0.0, 1.0, 0.0, 0.0, 0.0, 0.0, 1.0, 0.0, 1.0, 0.0, 0.0, 0.0, 0.0, 0.0, 5.0, 0.0, 3.0, 0.0, 2.0, 0.0, 0.0, 0.0, 0.0, 0.0, 1.0, 0.0, 1.0, 0.0, 0.0, 0.0, 1.0, 0.0, 1.0, 1.0, 0.0, 5.0, 4.0, 0.0, 0.0, 0.0, 2.0, 1.0, 3.0, 0.0, 0.0, 0.0, 0.0, 0.0, 1.0, 2.0, 0.0, 0.0, 0.0, 1.0, 2.0, 0.0, 0.0, 0.0, 3.0, 3.0, 0.0, 0.0, 0.0, 1.0, 0.0, 1.0, 2.0, 0.0, 1.0, 0.0, 0.0, 0.0, 0.0, 0.0, 3.0, 0.0, 2.0, 1.0, 0.0, 1.0, 1.0, 0.0, 0.0, 0.0, 0.0]","[96, 126, 67, 19, 87, 106, 27, 97, 29, 399, 94, 51, 56, 93, 172, 63, 778, 48, 146, 163, 54, 104, 85, 56, 78, 195, 6, 155, 107, 103, 94, 326, 103, 42, 74, 54, 25, 132, 133, 66, 18, 141, 304, 235, 84, 115, 92, 186, 199, 114, 160, 289, 222, 320, 72, 171, 61, 156, 131, 153, 51, 75, 37, 20, 96, 63, 167, 86, 196, 47, 57, 126, 49, 84, 54, 66, 77, 61, 52, 163, 22, 337, 45, 209, 56, 93, 77, 137, 94, 53, 58, 194, 86, 38, 37, 51, 15, 110, 107, 10, 340, 478, 137, 57, 144, 181, 188, 216, 84, 131, 25, 160, 86, 99, 194, 69, 53, 99, 158, 240, 56, 126, 178, 234, 191, 69, 182, 132, 61, 118, 88, 270, 99, 75, 70, 57, 35, 71, 97, 335, 106, 179, 179, 259, 59, 260, 85, 72, 145, 67]",0.46229733878034884,1.126627359157655,9.283673457013883,10628.328,1686.06,22036.951,813.18,5.38,35840,35840,21.007692307692306,44.035897435897425,0.0,0.049701944
7.0,0.0,0.9115646258503401,117.95238095238095,147,7,53760,False,440,3,02d1bc847244430d94cb908fde85c242,2020-11-11_00-40-38,1605055238,20.477967739105225,86.00400805473328,5379,ip-172-31-71-7,172.31.71.7,86.00400805473328,0,3,4b366_00000,0,"[1.0, 1.0, 0.0, 0.0, 1.0, 0.0, 1.0, 1.0, 0.0, 2.0, 0.0, 1.0, 0.0, 0.0, 0.0, 0.0, 0.0, 0.0, 1.0, 0.0, 0.0, 1.0, 0.0, 0.0, 0.0, 2.0, 1.0, 0.0, 3.0, 0.0, 1.0, 5.0, 0.0, 2.0, 0.0, 0.0, 1.0, 2.0, 0.0, 1.0, 1.0, 3.0, 0.0, 2.0, 2.0, 0.0, 0.0, 0.0, 0.0, 1.0, 2.0, 0.0, 0.0, 2.0, 2.0, 1.0, 5.0, 0.0, 0.0, 0.0, 0.0, 2.0, 0.0, 0.0, 0.0, 0.0, 1.0, 1.0, 0.0, 0.0, 1.0, 2.0, 0.0, 0.0, 0.0, 0.0, 0.0, 2.0, 0.0, 0.0, 1.0, 0.0, 0.0, 1.0, 1.0, 5.0, 1.0, 2.0, 1.0, 0.0, 1.0, 1.0, 0.0, 1.0, 0.0, 3.0, 0.0, 0.0, 1.0, 0.0, 7.0, 1.0, 1.0, 2.0, 0.0, 0.0, 0.0, 1.0, 0.0, 0.0, 3.0, 0.0, 0.0, 0.0, 0.0, 0.0, 0.0, 0.0, 1.0, 0.0, 0.0, 0.0, 2.0, 3.0, 5.0, 2.0, 1.0, 3.0, 4.0, 3.0, 2.0, 0.0, 4.0, 1.0, 3.0, 0.0, 0.0, 0.0, 1.0, 5.0, 1.0, 0.0, 0.0, 1.0, 0.0, 0.0, 0.0]","[48, 104, 86, 81, 261, 149, 149, 35, 87, 299, 43, 60, 77, 26, 56, 33, 29, 144, 176, 48, 84, 181, 34, 29, 18, 123, 159, 64, 145, 86, 128, 171, 54, 189, 221, 81, 231, 83, 92, 116, 75, 210, 28, 69, 66, 37, 145, 71, 185, 85, 155, 52, 76, 391, 225, 133, 411, 3, 55, 66, 127, 201, 32, 56, 27, 74, 178, 144, 80, 64, 227, 158, 53, 105, 72, 60, 56, 328, 105, 46, 177, 87, 74, 131, 148, 301, 229, 111, 152, 91, 61, 155, 249, 76, 63, 219, 65, 5, 145, 80, 516, 74, 128, 107, 78, 51, 98, 105, 70, 109, 160, 79, 58, 24, 103, 82, 75, 60, 71, 63, 42, 128, 80, 169, 372, 60, 178, 130, 238, 263, 192, 13, 181, 63, 101, 105, 146, 94, 144, 207, 93, 93, 115, 100, 153, 83, 55]",0.46178735512505137,1.1238750338412453,9.280875747890228,9104.339,1968.292,19488.076,919.537,5.228,53760,53760,22.158620689655173,42.94137931034482,0.0,0.22932594
8.0,0.0,1.0434782608695652,129.64492753623188,138,7,71680,False,578,4,02d1bc847244430d94cb908fde85c242,2020-11-11_00-40-51,1605055251,13.56297516822815,99.56698322296143,5379,ip-172-31-71-7,172.31.71.7,99.56698322296143,0,4,4b366_00000,0,"[1.0, 0.0, 0.0, 2.0, 0.0, 2.0, 2.0, 0.0, 0.0, 0.0, 0.0, 0.0, 8.0, 0.0, 0.0, 0.0, 0.0, 0.0, 0.0, 4.0, 1.0, 0.0, 0.0, 2.0, 0.0, 0.0, 1.0, 1.0, 4.0, 1.0, 7.0, 0.0, 1.0, 1.0, 0.0, 3.0, 0.0, 0.0, 0.0, 1.0, 0.0, 1.0, 0.0, 1.0, 0.0, 3.0, 0.0, 4.0, 4.0, 0.0, 5.0, 4.0, 1.0, 0.0, 7.0, 0.0, 1.0, 1.0, 0.0, 0.0, 0.0, 0.0, 0.0, 0.0, 0.0, 1.0, 0.0, 1.0, 0.0, 0.0, 1.0, 2.0, 1.0, 1.0, 0.0, 2.0, 1.0, 1.0, 1.0, 0.0, 3.0, 0.0, 0.0, 1.0, 0.0, 0.0, 0.0, 2.0, 1.0, 0.0, 0.0, 0.0, 0.0, 0.0, 0.0, 6.0, 0.0, 1.0, 0.0, 2.0, 2.0, 1.0, 1.0, 1.0, 5.0, 0.0, 0.0, 0.0, 4.0, 0.0, 3.0, 0.0, 1.0, 0.0, 2.0, 0.0, 0.0, 2.0, 3.0, 0.0, 1.0, 0.0, 3.0, 0.0, 1.0, 0.0, 0.0, 0.0, 4.0, 0.0, 1.0, 0.0, 0.0, 2.0, 0.0, 2.0, 3.0, 0.0]","[96, 93, 246, 117, 166, 79, 165, 71, 220, 33, 17, 94, 240, 93, 43, 51, 42, 148, 19, 374, 230, 24, 28, 202, 32, 30, 38, 184, 313, 75, 379, 63, 186, 149, 14, 324, 18, 32, 80, 172, 51, 164, 123, 73, 74, 172, 125, 221, 494, 163, 273, 304, 157, 61, 478, 90, 143, 86, 108, 77, 64, 140, 81, 55, 116, 104, 161, 169, 108, 145, 119, 201, 87, 44, 9, 118, 105, 119, 84, 68, 127, 29, 85, 98, 34, 70, 132, 219, 88, 95, 123, 98, 64, 48, 80, 412, 110, 129, 41, 152, 132, 120, 272, 169, 345, 99, 54, 95, 298, 63, 135, 34, 71, 43, 145, 32, 21, 311, 260, 38, 153, 148, 258, 46, 153, 48, 83, 120, 213, 52, 157, 136, 22, 279, 120, 80, 180, 158]",0.459480215323521,1.0701244009165816,8.157843746856578,7737.435,2316.013,17090.111,1048.56,5.251,71680,71680,15.65,39.1,0.0,0.17088284
5.0,0.0,0.7804878048780488,112.75,164,7,89600,False,742,5,02d1bc847244430d94cb908fde85c242,2020-11-11_00-41-05,1605055265,13.55014419555664,113.11712741851807,5379,ip-172-31-71-7,172.31.71.7,113.11712741851807,0,5,4b366_00000,0,"[1.0, 0.0, 1.0, 3.0, 0.0, 1.0, 0.0, 1.0, 1.0, 1.0, 0.0, 0.0, 0.0, 0.0, 1.0, 0.0, 0.0, 1.0, 0.0, 0.0, 1.0, 0.0, 1.0, 1.0, 0.0, 5.0, 2.0, 0.0, 0.0, 0.0, 1.0, 2.0, 0.0, 0.0, 1.0, 1.0, 1.0, 0.0, 0.0, 0.0, 1.0, 0.0, 1.0, 0.0, 0.0, 0.0, 0.0, 1.0, 0.0, 1.0, 0.0, 0.0, 1.0, 1.0, 0.0, 0.0, 0.0, 1.0, 5.0, 1.0, 1.0, 5.0, 0.0, 0.0, 0.0, 0.0, 2.0, 3.0, 1.0, 0.0, 0.0, 3.0, 0.0, 0.0, 0.0, 1.0, 1.0, 0.0, 0.0, 0.0, 1.0, 3.0, 2.0, 2.0, 0.0, 2.0, 0.0, 0.0, 1.0, 4.0, 1.0, 1.0, 1.0, 1.0, 0.0, 0.0, 0.0, 0.0, 0.0, 3.0, 0.0, 0.0, 4.0, 2.0, 1.0, 0.0, 2.0, 0.0, 2.0, 1.0, 0.0, 1.0, 0.0, 1.0, 0.0, 0.0, 0.0, 0.0, 0.0, 1.0, 0.0, 0.0, 0.0, 0.0, 2.0, 2.0, 0.0, 3.0, 0.0, 1.0, 0.0, 1.0, 2.0, 0.0, 1.0, 0.0, 0.0, 0.0, 1.0, 1.0, 2.0, 2.0, 0.0, 0.0, 0.0, 0.0, 0.0, 1.0, 0.0, 2.0, 1.0, 2.0, 1.0, 2.0, 1.0, 0.0, 1.0, 0.0, 1.0, 0.0, 1.0, 1.0, 0.0, 2.0]","[72, 56, 122, 213, 78, 77, 107, 274, 111, 75, 39, 31, 143, 51, 25, 91, 83, 188, 80, 49, 75, 79, 163, 114, 109, 350, 348, 30, 84, 44, 137, 133, 27, 48, 102, 46, 88, 194, 118, 18, 118, 35, 122, 101, 60, 103, 69, 199, 153, 108, 50, 152, 165, 119, 100, 57, 82, 82, 357, 147, 331, 176, 150, 111, 5, 105, 204, 252, 77, 241, 108, 204, 65, 33, 38, 130, 86, 56, 21, 313, 74, 83, 211, 105, 67, 202, 187, 79, 157, 285, 121, 186, 98, 105, 96, 64, 11, 60, 89, 233, 25, 37, 329, 144, 132, 67, 121, 26, 224, 67, 46, 53, 20, 75, 75, 19, 95, 84, 85, 188, 46, 79, 89, 47, 327, 112, 60, 135, 126, 177, 45, 84, 319, 36, 93, 55, 62, 95, 129, 174, 138, 257, 109, 104, 58, 6, 154, 86, 76, 100, 58, 95, 57, 163, 79, 23, 195, 46, 111, 76, 50, 108, 88, 182]",0.4576480115824982,1.033320601643306,7.476045540837524,6910.445,2593.176,15655.204,1144.667,5.318,89600,89600,16.036842105263155,39.81578947368422,0.0,0.3709534
6.0,0.0,0.6666666666666666,111.062893081761,159,7,107520,False,901,6,02d1bc847244430d94cb908fde85c242,2020-11-11_00-41-19,1605055279,13.551570892333984,126.66869831085205,5379,ip-172-31-71-7,172.31.71.7,126.66869831085205,0,6,4b366_00000,0,"[2.0, 0.0, 0.0, 1.0, 0.0, 1.0, 0.0, 0.0, 0.0, 0.0, 0.0, 0.0, 0.0, 0.0, 1.0, 0.0, 0.0, 1.0, 0.0, 0.0, 0.0, 1.0, 0.0, 6.0, 0.0, 2.0, 0.0, 0.0, 0.0, 0.0, 0.0, 1.0, 0.0, 0.0, 0.0, 1.0, 4.0, 3.0, 1.0, 0.0, 0.0, 0.0, 0.0, 3.0, 0.0, 5.0, 0.0, 0.0, 0.0, 2.0, 0.0, 0.0, 0.0, 0.0, 0.0, 2.0, 1.0, 0.0, 1.0, 2.0, 0.0, 0.0, 0.0, 1.0, 3.0, 0.0, 0.0, 2.0, 0.0, 0.0, 1.0, 0.0, 0.0, 0.0, 0.0, 3.0, 0.0, 2.0, 1.0, 0.0, 0.0, 1.0, 0.0, 0.0, 0.0, 0.0, 1.0, 4.0, 0.0, 0.0, 1.0, 0.0, 1.0, 0.0, 0.0, 1.0, 0.0, 0.0, 0.0, 1.0, 2.0, 3.0, 0.0, 0.0, 2.0, 0.0, 1.0, 1.0, 0.0, 1.0, 1.0, 0.0, 0.0, 0.0, 2.0, 0.0, 1.0, 2.0, 0.0, 0.0, 0.0, 1.0, 3.0, 0.0, 1.0, 0.0, 1.0, 0.0, 0.0, 1.0, 0.0, 0.0, 1.0, 0.0, 4.0, 0.0, 0.0, 0.0, 0.0, 0.0, 0.0, 4.0, 3.0, 0.0, 0.0, 0.0, 1.0, 0.0, 2.0, 0.0, 1.0, 0.0, 1.0, 0.0, 1.0, 0.0, 1.0, 0.0, 0.0]","[198, 63, 73, 198, 39, 87, 86, 106, 163, 25, 160, 188, 77, 38, 84, 30, 74, 95, 119, 220, 56, 106, 26, 168, 13, 144, 126, 46, 88, 76, 50, 207, 25, 55, 20, 74, 295, 130, 95, 115, 86, 83, 118, 118, 63, 185, 43, 92, 148, 201, 18, 138, 97, 38, 16, 285, 78, 6, 86, 139, 112, 86, 27, 144, 212, 55, 28, 187, 96, 261, 70, 117, 114, 71, 67, 277, 91, 235, 244, 297, 90, 58, 45, 75, 88, 150, 31, 246, 125, 209, 170, 109, 199, 136, 84, 148, 135, 42, 52, 134, 109, 234, 180, 44, 90, 229, 164, 60, 47, 80, 155, 133, 107, 100, 179, 63, 133, 257, 52, 105, 14, 130, 264, 71, 120, 90, 147, 90, 35, 62, 72, 37, 85, 91, 142, 79, 73, 63, 103, 85, 36, 314, 273, 75, 80, 51, 128, 41, 71, 224, 105, 19, 72, 55, 238, 37, 57, 123, 93]",0.45709169049047293,1.0082071187161168,7.02656443772368,6363.338,2816.132,14694.623,1219.494,5.307,107520,107520,16.021052631578947,40.499999999999986,0.0,0.14382492
7.0,0.0,0.7320261437908496,110.11764705882354,153,7,125440,False,1054,7,02d1bc847244430d94cb908fde85c242,2020-11-11_00-41-32,1605055292,13.526174306869507,140.19487261772156,5379,ip-172-31-71-7,172.31.71.7,140.19487261772156,0,7,4b366_00000,0,"[0.0, 0.0, 0.0, 0.0, 0.0, 0.0, 1.0, 0.0, 1.0, 0.0, 0.0, 5.0, 1.0, 0.0, 0.0, 0.0, 0.0, 2.0, 1.0, 1.0, 7.0, 0.0, 0.0, 0.0, 0.0, 2.0, 2.0, 0.0, 0.0, 0.0, 2.0, 0.0, 0.0, 0.0, 5.0, 0.0, 1.0, 0.0, 0.0, 2.0, 1.0, 2.0, 2.0, 1.0, 0.0, 0.0, 1.0, 0.0, 1.0, 1.0, 0.0, 0.0, 1.0, 0.0, 0.0, 0.0, 0.0, 0.0, 4.0, 0.0, 1.0, 0.0, 1.0, 0.0, 0.0, 0.0, 2.0, 4.0, 3.0, 1.0, 1.0, 2.0, 0.0, 0.0, 1.0, 0.0, 2.0, 1.0, 3.0, 3.0, 1.0, 1.0, 0.0, 3.0, 0.0, 0.0, 1.0, 0.0, 0.0, 0.0, 0.0, 2.0, 1.0, 1.0, 0.0, 1.0, 0.0, 0.0, 0.0, 0.0, 1.0, 0.0, 1.0, 1.0, 0.0, 1.0, 0.0, 0.0, 1.0, 0.0, 1.0, 0.0, 0.0, 0.0, 1.0, 0.0, 1.0, 1.0, 2.0, 0.0, 1.0, 1.0, 0.0, 1.0, 0.0, 0.0, 1.0, 1.0, 0.0, 1.0, 1.0, 1.0, 0.0, 1.0, 1.0, 0.0, 0.0, 0.0, 0.0, 0.0, 2.0, 1.0, 1.0, 1.0, 0.0, 0.0, 2.0, 0.0, 0.0, 0.0, 0.0, 0.0, 1.0]","[48, 107, 49, 83, 35, 44, 118, 103, 178, 168, 320, 310, 116, 53, 109, 47, 72, 85, 21, 96, 515, 71, 69, 77, 40, 170, 186, 43, 101, 154, 183, 45, 68, 98, 268, 84, 79, 64, 82, 231, 119, 132, 154, 189, 94, 95, 174, 35, 127, 105, 93, 17, 120, 86, 107, 92, 86, 91, 411, 52, 39, 72, 56, 143, 77, 155, 221, 346, 258, 90, 199, 238, 73, 43, 227, 52, 182, 54, 182, 215, 136, 72, 169, 157, 21, 41, 93, 136, 56, 57, 37, 209, 80, 121, 113, 73, 48, 44, 140, 91, 67, 38, 101, 90, 42, 115, 147, 23, 150, 27, 77, 60, 58, 15, 110, 74, 66, 147, 222, 82, 146, 103, 107, 207, 58, 37, 80, 94, 45, 56, 196, 111, 16, 97, 83, 78, 53, 108, 73, 92, 222, 186, 99, 101, 52, 16, 226, 67, 35, 71, 14, 115, 108]",0.45664584145185316,0.9926466384108628,6.706686350507339,5974.428,2999.45,14003.147,1279.712,5.306,125440,125440,15.589999999999995,41.2,0.0,0.062258817
15.0,0.0,0.948051948051948,119.07792207792208,154,7,143360,False,1208,8,02d1bc847244430d94cb908fde85c242,2020-11-11_00-41-46,1605055306,13.521634817123413,153.71650743484497,5379,ip-172-31-71-7,172.31.71.7,153.71650743484497,0,8,4b366_00000,0,"[1.0, 1.0, 0.0, 0.0, 11.0, 0.0, 0.0, 0.0, 0.0, 0.0, 0.0, 0.0, 0.0, 2.0, 0.0, 2.0, 2.0, 0.0, 0.0, 0.0, 0.0, 2.0, 1.0, 0.0, 0.0, 1.0, 2.0, 0.0, 1.0, 1.0, 1.0, 0.0, 2.0, 0.0, 1.0, 0.0, 0.0, 0.0, 2.0, 3.0, 1.0, 4.0, 0.0, 0.0, 2.0, 2.0, 1.0, 1.0, 0.0, 0.0, 2.0, 0.0, 0.0, 0.0, 1.0, 0.0, 1.0, 2.0, 0.0, 0.0, 0.0, 15.0, 0.0, 0.0, 2.0, 1.0, 0.0, 0.0, 0.0, 2.0, 2.0, 0.0, 1.0, 0.0, 0.0, 2.0, 0.0, 0.0, 2.0, 0.0, 0.0, 1.0, 0.0, 1.0, 1.0, 0.0, 2.0, 0.0, 0.0, 0.0, 1.0, 1.0, 1.0, 2.0, 0.0, 0.0, 0.0, 0.0, 3.0, 1.0, 1.0, 0.0, 2.0, 1.0, 0.0, 0.0, 1.0, 0.0, 0.0, 0.0, 2.0, 1.0, 0.0, 0.0, 1.0, 0.0, 5.0, 1.0, 3.0, 1.0, 0.0, 0.0, 1.0, 1.0, 1.0, 1.0, 0.0, 0.0, 4.0, 1.0, 2.0, 0.0, 0.0, 0.0, 3.0, 2.0, 0.0, 1.0, 3.0, 0.0, 1.0, 1.0, 0.0, 0.0, 0.0, 3.0, 0.0, 0.0, 0.0, 2.0, 3.0, 3.0, 0.0, 0.0]","[112, 188, 100, 53, 391, 41, 104, 50, 4, 72, 20, 26, 80, 272, 48, 116, 162, 35, 105, 32, 91, 133, 217, 36, 52, 175, 135, 62, 78, 458, 150, 78, 186, 87, 190, 96, 66, 37, 40, 301, 100, 206, 62, 67, 89, 190, 56, 108, 202, 45, 33, 37, 82, 136, 265, 7, 100, 92, 12, 23, 100, 1413, 34, 77, 166, 39, 58, 93, 65, 114, 163, 17, 130, 68, 124, 140, 45, 60, 224, 7, 72, 160, 65, 97, 83, 42, 190, 111, 139, 110, 147, 80, 17, 190, 45, 39, 166, 138, 224, 142, 66, 45, 247, 95, 90, 46, 200, 58, 43, 54, 174, 143, 61, 32, 217, 110, 258, 66, 95, 131, 123, 5, 167, 37, 186, 81, 84, 139, 332, 240, 193, 67, 53, 48, 190, 86, 53, 62, 149, 54, 93, 127, 177, 153, 103, 253, 86, 49, 44, 55, 190, 190, 95, 158]",0.4560351309415008,0.9805201483505763,6.467679039819183,5679.478,3155.22,13487.061,1328.681,5.349,143360,143360,16.063157894736843,41.83157894736843,0.0,0.34461114
8.0,0.0,0.8690476190476191,113.22619047619048,168,7,161280,False,1376,9,02d1bc847244430d94cb908fde85c242,2020-11-11_00-41-59,1605055319,13.534079551696777,167.25058698654175,5379,ip-172-31-71-7,172.31.71.7,167.25058698654175,0,9,4b366_00000,0,"[0.0, 1.0, 1.0, 0.0, 0.0, 2.0, 1.0, 1.0, 0.0, 0.0, 0.0, 0.0, 0.0, 0.0, 1.0, 0.0, 0.0, 1.0, 0.0, 0.0, 0.0, 1.0, 0.0, 0.0, 2.0, 1.0, 0.0, 3.0, 2.0, 0.0, 0.0, 0.0, 2.0, 3.0, 0.0, 0.0, 0.0, 0.0, 0.0, 3.0, 2.0, 6.0, 2.0, 1.0, 2.0, 2.0, 3.0, 0.0, 0.0, 0.0, 0.0, 3.0, 2.0, 0.0, 0.0, 2.0, 1.0, 0.0, 2.0, 0.0, 0.0, 2.0, 1.0, 4.0, 2.0, 0.0, 0.0, 1.0, 0.0, 0.0, 1.0, 2.0, 0.0, 0.0, 1.0, 0.0, 0.0, 0.0, 0.0, 0.0, 0.0, 2.0, 0.0, 0.0, 0.0, 1.0, 0.0, 2.0, 1.0, 0.0, 0.0, 1.0, 1.0, 0.0, 2.0, 6.0, 0.0, 0.0, 0.0, 1.0, 1.0, 0.0, 0.0, 8.0, 0.0, 0.0, 0.0, 0.0, 5.0, 0.0, 2.0, 0.0, 0.0, 0.0, 0.0, 1.0, 0.0, 1.0, 1.0, 1.0, 6.0, 0.0, 2.0, 0.0, 0.0, 2.0, 1.0, 1.0, 0.0, 0.0, 0.0, 0.0, 3.0, 0.0, 0.0, 1.0, 0.0, 0.0, 1.0, 1.0, 0.0, 0.0, 1.0, 1.0, 0.0, 1.0, 0.0, 0.0, 3.0, 2.0, 0.0, 0.0, 0.0, 0.0, 5.0, 1.0, 0.0, 3.0, 0.0, 0.0, 1.0, 4.0, 0.0, 1.0, 0.0, 1.0, 0.0, 0.0]","[47, 105, 271, 220, 46, 139, 117, 90, 54, 60, 135, 65, 68, 29, 124, 103, 67, 94, 87, 105, 48, 68, 94, 223, 137, 100, 28, 311, 116, 33, 69, 73, 202, 156, 69, 25, 78, 113, 90, 158, 83, 339, 152, 103, 190, 311, 226, 49, 47, 129, 36, 230, 241, 25, 34, 92, 156, 82, 185, 34, 136, 122, 140, 170, 202, 43, 53, 228, 73, 75, 110, 159, 73, 74, 93, 48, 121, 62, 128, 80, 41, 76, 61, 64, 218, 88, 107, 138, 205, 71, 113, 57, 185, 165, 122, 365, 15, 49, 60, 217, 259, 85, 9, 172, 81, 5, 13, 46, 345, 53, 222, 58, 7, 13, 139, 183, 61, 154, 122, 119, 663, 239, 174, 165, 158, 83, 158, 71, 25, 76, 29, 48, 234, 169, 95, 152, 81, 106, 102, 66, 23, 12, 45, 100, 85, 126, 29, 28, 259, 76, 188, 12, 69, 77, 273, 89, 93, 139, 40, 43, 130, 199, 13, 68, 43, 73, 57, 25]",0.4560151827467266,0.9674388365642136,6.275657986662005,5448.121,3289.208,13089.131,1369.075,5.389,161280,161280,15.915789473684216,42.494736842105254,0.0,0.33532843
6.0,0.0,1.095890410958904,120.41780821917808,146,7,179200,False,1522,10,02d1bc847244430d94cb908fde85c242,2020-11-11_00-42-13,1605055333,13.597028732299805,180.84761571884155,5379,ip-172-31-71-7,172.31.71.7,180.84761571884155,0,10,4b366_00000,0,"[0.0, 0.0, 2.0, 1.0, 2.0, 0.0, 0.0, 0.0, 0.0, 1.0, 0.0, 1.0, 3.0, 1.0, 0.0, 1.0, 3.0, 1.0, 0.0, 1.0, 0.0, 0.0, 2.0, 0.0, 1.0, 3.0, 2.0, 1.0, 3.0, 0.0, 0.0, 3.0, 1.0, 3.0, 1.0, 1.0, 6.0, 0.0, 4.0, 0.0, 0.0, 0.0, 0.0, 3.0, 1.0, 0.0, 1.0, 1.0, 2.0, 3.0, 1.0, 3.0, 0.0, 2.0, 0.0, 4.0, 2.0, 1.0, 0.0, 1.0, 1.0, 0.0, 0.0, 2.0, 0.0, 0.0, 1.0, 0.0, 0.0, 1.0, 1.0, 1.0, 2.0, 2.0, 0.0, 0.0, 0.0, 1.0, 1.0, 0.0, 1.0, 0.0, 5.0, 0.0, 2.0, 2.0, 3.0, 0.0, 5.0, 2.0, 2.0, 0.0, 1.0, 1.0, 0.0, 4.0, 3.0, 1.0, 0.0, 0.0, 0.0, 0.0, 0.0, 1.0, 0.0, 2.0, 1.0, 1.0, 0.0, 0.0, 2.0, 0.0, 0.0, 1.0, 0.0, 0.0, 0.0, 4.0, 1.0, 2.0, 0.0, 1.0, 1.0, 2.0, 1.0, 0.0, 0.0, 3.0, 1.0, 0.0, 1.0, 0.0, 0.0, 2.0, 0.0, 0.0, 1.0, 0.0, 1.0, 1.0, 3.0, 0.0, 1.0, 5.0, 3.0, 0.0]","[174, 33, 143, 138, 121, 31, 143, 131, 58, 151, 110, 65, 327, 106, 71, 116, 81, 71, 61, 109, 69, 15, 200, 76, 84, 261, 109, 142, 284, 39, 32, 139, 138, 362, 100, 66, 165, 41, 324, 62, 94, 35, 24, 277, 67, 89, 48, 228, 121, 207, 192, 129, 96, 174, 31, 167, 129, 229, 99, 64, 147, 91, 32, 198, 61, 67, 159, 72, 36, 84, 82, 205, 72, 193, 78, 58, 98, 93, 78, 95, 142, 326, 335, 158, 152, 223, 191, 47, 137, 162, 261, 37, 74, 166, 23, 143, 146, 136, 38, 37, 78, 36, 148, 83, 12, 108, 277, 70, 182, 131, 248, 92, 100, 63, 237, 51, 25, 149, 55, 132, 106, 167, 42, 74, 181, 8, 109, 217, 136, 40, 81, 67, 46, 105, 55, 22, 82, 51, 149, 70, 99, 25, 232, 298, 415, 46]",0.45612588560812434,0.9589523201136628,6.128162235938461,5265.497,3403.288,12774.611,1402.782,5.388,179200,179200,15.535,43.21,0.0,0.22223225
8.0,0.0,0.9407894736842105,114.42105263157895,152,7,197120,False,1674,11,02d1bc847244430d94cb908fde85c242,2020-11-11_00-42-26,1605055346,13.67715334892273,194.52476906776428,5379,ip-172-31-71-7,172.31.71.7,194.52476906776428,0,11,4b366_00000,0,"[3.0, 0.0, 1.0, 1.0, 0.0, 3.0, 2.0, 0.0, 0.0, 2.0, 1.0, 0.0, 4.0, 0.0, 0.0, 0.0, 2.0, 1.0, 0.0, 1.0, 1.0, 1.0, 3.0, 0.0, 2.0, 1.0, 0.0, 5.0, 0.0, 1.0, 0.0, 0.0, 1.0, 0.0, 0.0, 1.0, 0.0, 2.0, 1.0, 0.0, 0.0, 5.0, 0.0, 0.0, 4.0, 1.0, 0.0, 1.0, 1.0, 1.0, 0.0, 1.0, 0.0, 1.0, 0.0, 0.0, 1.0, 0.0, 2.0, 0.0, 1.0, 0.0, 1.0, 1.0, 8.0, 0.0, 0.0, 1.0, 3.0, 2.0, 0.0, 1.0, 0.0, 0.0, 0.0, 1.0, 0.0, 0.0, 1.0, 4.0, 0.0, 1.0, 0.0, 0.0, 0.0, 1.0, 0.0, 4.0, 2.0, 3.0, 0.0, 0.0, 0.0, 0.0, 2.0, 2.0, 0.0, 1.0, 2.0, 0.0, 5.0, 1.0, 8.0, 2.0, 3.0, 0.0, 1.0, 0.0, 0.0, 0.0, 0.0, 0.0, 0.0, 0.0, 0.0, 2.0, 1.0, 0.0, 0.0, 1.0, 3.0, 0.0, 0.0, 0.0, 0.0, 2.0, 1.0, 0.0, 0.0, 1.0, 0.0, 0.0, 0.0, 0.0, 0.0, 1.0, 1.0, 1.0, 1.0, 2.0, 2.0, 1.0, 2.0, 0.0, 0.0, 1.0, 0.0, 0.0, 0.0, 0.0, 0.0, 0.0]","[107, 65, 182, 143, 57, 101, 56, 90, 87, 98, 223, 47, 301, 104, 58, 47, 191, 139, 37, 94, 56, 58, 115, 80, 263, 81, 51, 225, 204, 135, 189, 44, 63, 63, 29, 108, 22, 210, 178, 93, 63, 177, 18, 72, 158, 59, 155, 288, 128, 63, 59, 121, 30, 200, 163, 104, 305, 44, 119, 178, 62, 80, 202, 299, 423, 114, 19, 85, 317, 186, 22, 73, 94, 59, 68, 61, 24, 84, 69, 290, 26, 127, 174, 58, 45, 101, 56, 248, 64, 176, 47, 50, 36, 119, 130, 65, 54, 40, 185, 79, 382, 124, 344, 142, 215, 40, 136, 212, 78, 69, 67, 47, 67, 113, 50, 94, 138, 80, 186, 475, 206, 20, 58, 87, 4, 133, 157, 19, 14, 94, 73, 78, 86, 66, 113, 160, 123, 79, 85, 94, 114, 89, 296, 49, 58, 85, 82, 64, 23, 10, 178, 27]",0.4562224793862074,0.9534545059353443,6.007384203625485,4108.971,4361.189,11509.359,1556.994,5.466,197120,197120,15.978947368421052,43.915789473684214,0.0,0.22109362
8.0,0.0,1.0212765957446808,125.06382978723404,141,7,215040,False,1815,12,02d1bc847244430d94cb908fde85c242,2020-11-11_00-42-40,1605055360,13.611220121383667,208.13598918914795,5379,ip-172-31-71-7,172.31.71.7,208.13598918914795,0,12,4b366_00000,0,"[4.0, 2.0, 2.0, 0.0, 1.0, 3.0, 0.0, 1.0, 0.0, 2.0, 1.0, 8.0, 0.0, 0.0, 0.0, 2.0, 0.0, 0.0, 6.0, 0.0, 2.0, 2.0, 3.0, 2.0, 0.0, 0.0, 1.0, 1.0, 0.0, 0.0, 0.0, 0.0, 0.0, 1.0, 0.0, 0.0, 1.0, 5.0, 2.0, 8.0, 0.0, 1.0, 2.0, 0.0, 0.0, 3.0, 0.0, 5.0, 2.0, 0.0, 3.0, 0.0, 0.0, 0.0, 5.0, 0.0, 0.0, 0.0, 0.0, 0.0, 1.0, 0.0, 1.0, 0.0, 1.0, 0.0, 1.0, 0.0, 0.0, 2.0, 0.0, 0.0, 1.0, 3.0, 0.0, 1.0, 0.0, 4.0, 0.0, 0.0, 2.0, 0.0, 0.0, 0.0, 0.0, 0.0, 0.0, 1.0, 3.0, 0.0, 0.0, 0.0, 0.0, 0.0, 1.0, 1.0, 0.0, 0.0, 6.0, 0.0, 1.0, 4.0, 0.0, 1.0, 0.0, 0.0, 1.0, 2.0, 0.0, 3.0, 0.0, 0.0, 1.0, 0.0, 0.0, 4.0, 0.0, 0.0, 1.0, 2.0, 3.0, 1.0, 0.0, 0.0, 0.0, 0.0, 1.0, 0.0, 3.0, 1.0, 0.0, 0.0, 0.0, 0.0, 0.0, 0.0, 0.0, 0.0, 2.0, 1.0, 2.0]","[289, 123, 100, 36, 68, 246, 29, 140, 101, 76, 92, 626, 36, 116, 138, 56, 70, 48, 268, 35, 187, 212, 116, 221, 62, 125, 62, 93, 73, 70, 65, 34, 25, 144, 57, 160, 80, 397, 202, 550, 52, 67, 103, 47, 58, 302, 66, 434, 293, 48, 208, 71, 61, 232, 197, 57, 348, 206, 13, 33, 173, 51, 97, 106, 95, 75, 138, 99, 27, 138, 23, 203, 200, 152, 105, 82, 11, 186, 59, 26, 179, 88, 31, 17, 117, 55, 87, 162, 394, 60, 15, 22, 69, 202, 117, 121, 145, 70, 326, 64, 70, 230, 75, 181, 91, 144, 212, 97, 161, 353, 55, 77, 142, 73, 82, 371, 17, 105, 108, 67, 208, 93, 61, 23, 47, 54, 150, 44, 209, 78, 89, 117, 57, 65, 52, 21, 139, 35, 143, 115, 212]",0.45623700350963436,0.9476487161858809,5.908444969980254,3871.005,4629.289,10358.535,1729.974,5.436,215040,215040,15.555000000000001,44.54999999999999,0.0,0.27599084
10.0,0.0,0.993006993006993,119.47552447552448,143,7,232960,False,1958,13,02d1bc847244430d94cb908fde85c242,2020-11-11_00-42-54,1605055374,13.536736726760864,221.6727259159088,5379,ip-172-31-71-7,172.31.71.7,221.6727259159088,0,13,4b366_00000,0,"[0.0, 0.0, 0.0, 1.0, 0.0, 0.0, 3.0, 2.0, 3.0, 2.0, 0.0, 0.0, 0.0, 0.0, 0.0, 0.0, 6.0, 1.0, 2.0, 1.0, 0.0, 0.0, 0.0, 0.0, 0.0, 2.0, 0.0, 0.0, 0.0, 2.0, 0.0, 0.0, 0.0, 0.0, 1.0, 0.0, 0.0, 0.0, 0.0, 0.0, 3.0, 0.0, 6.0, 0.0, 2.0, 2.0, 1.0, 3.0, 0.0, 0.0, 3.0, 0.0, 1.0, 1.0, 0.0, 0.0, 0.0, 0.0, 2.0, 2.0, 0.0, 0.0, 0.0, 0.0, 0.0, 1.0, 1.0, 4.0, 2.0, 0.0, 3.0, 1.0, 3.0, 0.0, 2.0, 1.0, 0.0, 1.0, 1.0, 0.0, 0.0, 0.0, 0.0, 0.0, 0.0, 0.0, 6.0, 5.0, 1.0, 0.0, 0.0, 2.0, 0.0, 0.0, 0.0, 2.0, 0.0, 1.0, 0.0, 0.0, 0.0, 2.0, 1.0, 0.0, 1.0, 2.0, 0.0, 1.0, 0.0, 1.0, 0.0, 1.0, 0.0, 0.0, 1.0, 0.0, 2.0, 0.0, 2.0, 0.0, 0.0, 1.0, 0.0, 10.0, 3.0, 0.0, 0.0, 5.0, 2.0, 2.0, 0.0, 1.0, 0.0, 2.0, 3.0, 1.0, 2.0, 3.0, 2.0, 0.0, 0.0, 0.0, 2.0]","[86, 65, 68, 143, 23, 4, 347, 275, 81, 136, 110, 48, 158, 52, 22, 36, 308, 43, 125, 121, 18, 71, 75, 38, 143, 146, 84, 104, 31, 246, 88, 144, 133, 18, 104, 126, 175, 69, 156, 62, 101, 161, 307, 93, 43, 244, 122, 269, 41, 74, 190, 35, 135, 85, 76, 91, 80, 37, 122, 149, 49, 100, 23, 23, 58, 88, 70, 318, 147, 54, 174, 139, 431, 51, 150, 219, 226, 178, 62, 87, 70, 98, 69, 102, 76, 69, 248, 387, 67, 82, 43, 129, 50, 86, 44, 207, 97, 166, 33, 46, 37, 115, 139, 52, 219, 109, 122, 27, 167, 47, 79, 161, 56, 82, 135, 71, 110, 63, 191, 40, 43, 160, 77, 466, 386, 95, 51, 350, 198, 204, 67, 287, 116, 74, 126, 70, 80, 145, 108, 49, 130, 34, 194]",0.4563585971152522,0.9404455483990921,5.822739544447818,3628.161,4939.141,9907.271,1808.773,5.514,232960,232960,16.06842105263158,45.31052631578948,0.0,0.11889852
14.0,0.0,0.9333333333333333,126.72,150,7,250880,False,2108,14,02d1bc847244430d94cb908fde85c242,2020-11-11_00-43-07,1605055387,13.51637315750122,235.18909907341003,5379,ip-172-31-71-7,172.31.71.7,235.18909907341003,0,14,4b366_00000,0,"[2.0, 1.0, 0.0, 1.0, 1.0, 2.0, 0.0, 1.0, 1.0, 0.0, 0.0, 1.0, 2.0, 0.0, 4.0, 2.0, 0.0, 0.0, 0.0, 0.0, 0.0, 1.0, 1.0, 0.0, 0.0, 2.0, 0.0, 0.0, 0.0, 0.0, 1.0, 3.0, 1.0, 0.0, 0.0, 1.0, 0.0, 1.0, 2.0, 0.0, 1.0, 0.0, 0.0, 0.0, 0.0, 0.0, 0.0, 0.0, 2.0, 0.0, 0.0, 0.0, 0.0, 0.0, 0.0, 0.0, 0.0, 1.0, 2.0, 0.0, 0.0, 0.0, 3.0, 0.0, 0.0, 7.0, 1.0, 2.0, 1.0, 1.0, 1.0, 0.0, 0.0, 14.0, 1.0, 0.0, 0.0, 7.0, 0.0, 1.0, 0.0, 2.0, 0.0, 0.0, 0.0, 0.0, 1.0, 4.0, 0.0, 4.0, 0.0, 0.0, 0.0, 0.0, 0.0, 0.0, 0.0, 0.0, 2.0, 0.0, 2.0, 1.0, 1.0, 1.0, 0.0, 2.0, 0.0, 3.0, 0.0, 1.0, 0.0, 0.0, 1.0, 4.0, 0.0, 0.0, 0.0, 2.0, 3.0, 3.0, 1.0, 3.0, 1.0, 1.0, 1.0, 0.0, 1.0, 0.0, 1.0, 0.0, 2.0, 0.0, 1.0, 1.0, 0.0, 1.0, 0.0, 2.0, 2.0, 0.0, 0.0, 4.0, 0.0, 1.0, 0.0, 0.0, 0.0, 0.0, 2.0, 2.0]","[192, 206, 79, 233, 257, 189, 38, 120, 187, 63, 113, 69, 119, 54, 272, 303, 91, 109, 83, 55, 124, 165, 129, 234, 154, 168, 55, 84, 68, 68, 150, 124, 120, 54, 134, 127, 121, 68, 117, 82, 241, 39, 92, 42, 47, 125, 39, 75, 377, 22, 19, 89, 29, 42, 34, 32, 78, 125, 321, 129, 104, 66, 191, 75, 37, 359, 75, 116, 59, 50, 170, 139, 54, 1035, 77, 78, 62, 512, 75, 110, 99, 124, 89, 31, 132, 23, 164, 128, 44, 108, 17, 131, 30, 67, 44, 53, 87, 25, 212, 2, 251, 75, 82, 8, 54, 111, 92, 219, 65, 207, 43, 57, 144, 557, 28, 104, 96, 124, 191, 150, 161, 335, 153, 116, 50, 76, 78, 71, 118, 96, 264, 43, 130, 151, 78, 109, 124, 308, 239, 208, 59, 187, 149, 72, 124, 34, 65, 177, 176, 170]",0.4555073341809152,0.9402072382543073,5.748685302996881,3628.155,4939.15,9902.439,1809.655,5.503,250880,250880,15.984210526315788,45.92105263157895,0.0,0.12329678
11.0,0.0,0.9459459459459459,124.3108108108108,148,7,268800,False,2256,15,02d1bc847244430d94cb908fde85c242,2020-11-11_00-43-21,1605055401,13.593411207199097,248.78251028060913,5379,ip-172-31-71-7,172.31.71.7,248.78251028060913,0,15,4b366_00000,0,"[2.0, 2.0, 0.0, 1.0, 0.0, 0.0, 0.0, 1.0, 1.0, 0.0, 0.0, 0.0, 5.0, 1.0, 0.0, 0.0, 0.0, 0.0, 0.0, 1.0, 2.0, 3.0, 0.0, 0.0, 0.0, 6.0, 1.0, 0.0, 2.0, 1.0, 0.0, 1.0, 1.0, 0.0, 2.0, 0.0, 0.0, 2.0, 1.0, 0.0, 0.0, 1.0, 1.0, 0.0, 0.0, 3.0, 3.0, 1.0, 0.0, 0.0, 1.0, 1.0, 0.0, 1.0, 0.0, 1.0, 0.0, 0.0, 2.0, 1.0, 0.0, 0.0, 0.0, 0.0, 0.0, 0.0, 0.0, 0.0, 1.0, 0.0, 1.0, 1.0, 0.0, 0.0, 0.0, 0.0, 0.0, 0.0, 0.0, 0.0, 1.0, 0.0, 0.0, 1.0, 2.0, 1.0, 1.0, 0.0, 11.0, 0.0, 6.0, 2.0, 2.0, 0.0, 0.0, 0.0, 0.0, 0.0, 2.0, 4.0, 0.0, 2.0, 0.0, 1.0, 0.0, 3.0, 2.0, 0.0, 5.0, 0.0, 0.0, 1.0, 1.0, 0.0, 2.0, 1.0, 0.0, 7.0, 1.0, 2.0, 4.0, 0.0, 0.0, 0.0, 1.0, 0.0, 0.0, 3.0, 0.0, 0.0, 0.0, 3.0, 0.0, 2.0, 0.0, 0.0, 0.0, 0.0, 1.0, 1.0, 1.0, 0.0, 2.0, 1.0, 1.0, 2.0, 2.0, 0.0]","[146, 158, 24, 212, 89, 6, 6, 107, 243, 48, 110, 112, 350, 118, 54, 46, 148, 67, 88, 50, 190, 96, 26, 108, 51, 281, 109, 59, 125, 61, 31, 79, 210, 200, 52, 131, 62, 144, 86, 63, 106, 114, 145, 76, 29, 172, 130, 432, 154, 43, 145, 182, 105, 50, 26, 100, 58, 80, 177, 36, 27, 166, 96, 55, 68, 36, 61, 71, 79, 108, 80, 287, 56, 34, 94, 57, 68, 131, 346, 37, 152, 79, 103, 79, 225, 80, 84, 113, 482, 69, 238, 182, 81, 44, 86, 61, 168, 155, 294, 91, 46, 215, 49, 98, 58, 231, 95, 61, 289, 40, 305, 171, 133, 45, 179, 174, 40, 211, 76, 432, 481, 45, 90, 94, 203, 107, 189, 288, 129, 16, 12, 196, 59, 65, 91, 92, 233, 37, 210, 109, 329, 145, 257, 90, 86, 105, 97, 66]",0.4556247506706608,0.9375772970337014,5.684384291401313,3635.287,4929.459,9899.709,1810.154,5.484,268800,268800,15.61,46.64999999999999,0.0,0.041814033
11.0,0.0,0.7358490566037735,109.0754716981132,159,7,286720,False,2415,16,02d1bc847244430d94cb908fde85c242,2020-11-11_00-47-32,1605055652,251.6333556175232,500.4158658981323,5379,ip-172-31-71-7,172.31.71.7,500.4158658981323,0,16,4b366_00000,0,"[0.0, 0.0, 4.0, 0.0, 0.0, 0.0, 1.0, 0.0, 3.0, 1.0, 0.0, 0.0, 0.0, 0.0, 0.0, 0.0, 1.0, 0.0, 1.0, 2.0, 0.0, 1.0, 0.0, 3.0, 3.0, 0.0, 0.0, 0.0, 0.0, 1.0, 1.0, 6.0, 0.0, 0.0, 0.0, 3.0, 1.0, 1.0, 0.0, 0.0, 0.0, 1.0, 0.0, 1.0, 0.0, 0.0, 1.0, 0.0, 0.0, 0.0, 1.0, 0.0, 0.0, 2.0, 0.0, 0.0, 2.0, 0.0, 11.0, 0.0, 0.0, 0.0, 1.0, 0.0, 0.0, 0.0, 0.0, 1.0, 1.0, 1.0, 0.0, 0.0, 2.0, 1.0, 1.0, 0.0, 1.0, 0.0, 3.0, 0.0, 1.0, 0.0, 0.0, 1.0, 0.0, 0.0, 0.0, 1.0, 0.0, 0.0, 1.0, 0.0, 0.0, 0.0, 0.0, 0.0, 0.0, 0.0, 2.0, 0.0, 1.0, 3.0, 1.0, 1.0, 0.0, 0.0, 1.0, 0.0, 1.0, 0.0, 1.0, 0.0, 1.0, 0.0, 0.0, 1.0, 0.0, 2.0, 0.0, 0.0, 0.0, 0.0, 1.0, 1.0, 2.0, 1.0, 1.0, 0.0, 0.0, 0.0, 1.0, 0.0, 1.0, 0.0, 0.0, 1.0, 0.0, 0.0, 4.0, 0.0, 1.0, 1.0, 2.0, 1.0, 2.0, 1.0, 0.0, 0.0, 2.0, 0.0, 0.0, 0.0, 1.0, 2.0, 3.0, 3.0, 0.0, 2.0, 0.0]","[82, 34, 151, 37, 54, 139, 225, 43, 448, 207, 48, 153, 105, 45, 4, 128, 126, 36, 99, 102, 63, 107, 89, 297, 324, 118, 78, 35, 24, 198, 266, 500, 29, 37, 70, 196, 113, 136, 81, 116, 90, 141, 76, 120, 89, 107, 134, 27, 216, 33, 99, 68, 9, 227, 76, 92, 192, 6, 521, 77, 89, 124, 89, 65, 251, 51, 32, 57, 57, 57, 20, 66, 164, 86, 89, 51, 111, 118, 323, 87, 44, 43, 115, 98, 126, 125, 88, 57, 24, 43, 130, 36, 65, 71, 54, 72, 75, 58, 233, 31, 138, 233, 84, 65, 48, 12, 118, 9, 81, 47, 78, 16, 184, 28, 26, 85, 122, 362, 71, 122, 94, 154, 166, 146, 55, 142, 47, 115, 56, 184, 142, 75, 100, 14, 23, 83, 50, 16, 261, 93, 39, 152, 136, 151, 110, 53, 31, 112, 198, 77, 82, 50, 152, 379, 78, 103, 94, 178, 105]",0.45549367081701353,0.9317107502266163,5.627827960911585,3633.817,4931.454,33709.673,531.598,5.451,286720,286720,7.192757660167132,56.637325905292464,0.0,0.047220994
7.0,0.0,0.8354430379746836,118.77848101265823,158,7,304640,False,2573,17,02d1bc847244430d94cb908fde85c242,2020-11-11_00-47-46,1605055666,13.66854476928711,514.0844106674194,5379,ip-172-31-71-7,172.31.71.7,514.0844106674194,0,17,4b366_00000,0,"[7.0, 3.0, 0.0, 1.0, 1.0, 4.0, 0.0, 0.0, 1.0, 0.0, 0.0, 0.0, 0.0, 0.0, 0.0, 0.0, 0.0, 0.0, 0.0, 0.0, 0.0, 0.0, 0.0, 0.0, 1.0, 0.0, 1.0, 0.0, 0.0, 0.0, 1.0, 0.0, 1.0, 1.0, 1.0, 3.0, 2.0, 0.0, 1.0, 0.0, 1.0, 2.0, 2.0, 1.0, 4.0, 0.0, 1.0, 2.0, 5.0, 0.0, 5.0, 2.0, 0.0, 0.0, 0.0, 0.0, 1.0, 2.0, 1.0, 1.0, 0.0, 0.0, 0.0, 1.0, 0.0, 0.0, 0.0, 0.0, 0.0, 0.0, 2.0, 1.0, 0.0, 1.0, 0.0, 2.0, 1.0, 0.0, 2.0, 0.0, 0.0, 0.0, 0.0, 0.0, 2.0, 0.0, 0.0, 0.0, 0.0, 2.0, 1.0, 3.0, 5.0, 1.0, 0.0, 1.0, 0.0, 0.0, 2.0, 0.0, 1.0, 1.0, 1.0, 0.0, 0.0, 0.0, 3.0, 1.0, 0.0, 1.0, 1.0, 0.0, 1.0, 0.0, 1.0, 0.0, 0.0, 0.0, 1.0, 1.0, 0.0, 1.0, 0.0, 0.0, 1.0, 0.0, 1.0, 1.0, 1.0, 1.0, 5.0, 1.0, 1.0, 1.0, 1.0, 1.0, 0.0, 1.0, 0.0, 1.0, 0.0, 0.0, 1.0, 1.0, 1.0, 0.0, 0.0, 0.0, 1.0, 0.0, 1.0, 0.0, 0.0, 0.0, 6.0, 2.0, 1.0, 1.0]","[307, 258, 97, 99, 74, 139, 61, 45, 72, 86, 83, 117, 143, 46, 13, 71, 112, 117, 205, 61, 100, 198, 302, 79, 61, 101, 84, 38, 155, 79, 149, 116, 190, 71, 81, 147, 95, 127, 91, 68, 66, 86, 194, 156, 199, 62, 146, 74, 95, 49, 444, 152, 125, 33, 64, 131, 243, 161, 202, 179, 76, 56, 61, 56, 55, 44, 68, 27, 68, 339, 502, 133, 78, 133, 158, 93, 39, 53, 124, 98, 74, 19, 166, 189, 212, 68, 79, 46, 71, 124, 189, 169, 260, 141, 54, 165, 163, 55, 153, 50, 102, 214, 127, 32, 95, 72, 226, 104, 69, 89, 141, 108, 141, 79, 156, 38, 111, 127, 85, 85, 41, 89, 26, 154, 78, 33, 92, 47, 70, 159, 240, 120, 302, 144, 75, 73, 5, 48, 63, 115, 75, 83, 74, 121, 77, 113, 60, 87, 319, 50, 226, 40, 35, 213, 633, 110, 81, 88]",0.4555610140125113,0.9290721610118389,5.580204208650601,3633.443,4931.962,33724.251,531.368,5.373,304640,304640,15.989473684210527,38.07368421052631,0.0,0.35132894
7.0,0.0,0.8742138364779874,110.96855345911949,159,7,322560,False,2732,18,02d1bc847244430d94cb908fde85c242,2020-11-11_00-48-00,1605055680,13.66406512260437,527.7484757900238,5379,ip-172-31-71-7,172.31.71.7,527.7484757900238,0,18,4b366_00000,0,"[0.0, 0.0, 1.0, 0.0, 0.0, 2.0, 2.0, 2.0, 2.0, 0.0, 0.0, 2.0, 4.0, 1.0, 0.0, 1.0, 0.0, 0.0, 1.0, 3.0, 0.0, 0.0, 0.0, 1.0, 2.0, 1.0, 0.0, 1.0, 1.0, 0.0, 0.0, 2.0, 0.0, 0.0, 0.0, 0.0, 4.0, 0.0, 0.0, 0.0, 1.0, 3.0, 1.0, 0.0, 0.0, 0.0, 1.0, 3.0, 6.0, 2.0, 4.0, 1.0, 1.0, 1.0, 1.0, 0.0, 0.0, 0.0, 0.0, 1.0, 2.0, 1.0, 1.0, 1.0, 0.0, 2.0, 0.0, 0.0, 0.0, 0.0, 1.0, 0.0, 2.0, 0.0, 0.0, 0.0, 0.0, 3.0, 0.0, 0.0, 2.0, 1.0, 0.0, 1.0, 1.0, 2.0, 1.0, 1.0, 1.0, 1.0, 0.0, 1.0, 0.0, 1.0, 2.0, 1.0, 1.0, 0.0, 0.0, 1.0, 0.0, 0.0, 0.0, 0.0, 1.0, 0.0, 7.0, 0.0, 0.0, 0.0, 0.0, 1.0, 0.0, 3.0, 1.0, 2.0, 2.0, 0.0, 1.0, 1.0, 2.0, 0.0, 1.0, 0.0, 0.0, 0.0, 0.0, 0.0, 1.0, 1.0, 0.0, 0.0, 5.0, 3.0, 1.0, 3.0, 1.0, 0.0, 0.0, 0.0, 0.0, 1.0, 0.0, 1.0, 0.0, 0.0, 2.0, 0.0, 0.0, 0.0, 4.0, 1.0, 1.0, 1.0, 0.0, 0.0, 1.0, 0.0, 0.0]","[149, 152, 118, 126, 84, 79, 214, 76, 169, 63, 49, 87, 188, 70, 46, 163, 42, 48, 231, 164, 40, 82, 128, 125, 78, 99, 16, 73, 269, 52, 59, 51, 181, 38, 57, 48, 243, 148, 59, 42, 121, 254, 65, 22, 67, 127, 207, 248, 267, 144, 352, 78, 114, 101, 95, 70, 44, 88, 46, 39, 102, 111, 100, 83, 12, 112, 37, 24, 56, 64, 304, 102, 128, 72, 129, 71, 129, 373, 43, 92, 100, 193, 56, 202, 79, 69, 108, 90, 220, 91, 90, 78, 5, 158, 248, 262, 118, 55, 50, 106, 67, 93, 126, 34, 91, 86, 311, 172, 30, 28, 83, 67, 11, 267, 99, 234, 57, 222, 126, 62, 136, 56, 66, 59, 44, 97, 65, 60, 33, 96, 110, 78, 392, 295, 90, 173, 67, 105, 49, 33, 17, 105, 30, 162, 25, 65, 124, 33, 123, 128, 375, 76, 247, 106, 46, 24, 209, 73, 29]",0.4558428239464248,0.9278417279555485,5.5367169088942125,3636.913,4927.256,33735.223,531.196,5.258,322560,322560,15.554999999999998,38.07999999999999,0.0,0.46887952
8.0,0.0,0.8732394366197183,122.33802816901408,142,7,340480,False,2874,19,02d1bc847244430d94cb908fde85c242,2020-11-11_00-48-14,1605055694,13.737612962722778,541.4860887527466,5379,ip-172-31-71-7,172.31.71.7,541.4860887527466,0,19,4b366_00000,0,"[0.0, 1.0, 2.0, 0.0, 0.0, 7.0, 1.0, 1.0, 1.0, 1.0, 1.0, 0.0, 2.0, 1.0, 0.0, 2.0, 1.0, 0.0, 0.0, 0.0, 0.0, 0.0, 0.0, 0.0, 0.0, 4.0, 0.0, 0.0, 0.0, 0.0, 1.0, 0.0, 4.0, 0.0, 1.0, 0.0, 0.0, 0.0, 0.0, 0.0, 1.0, 1.0, 0.0, 0.0, 2.0, 1.0, 0.0, 0.0, 0.0, 1.0, 0.0, 4.0, 0.0, 0.0, 0.0, 0.0, 0.0, 0.0, 5.0, 2.0, 0.0, 1.0, 2.0, 1.0, 0.0, 2.0, 0.0, 2.0, 0.0, 3.0, 0.0, 5.0, 0.0, 0.0, 0.0, 0.0, 1.0, 0.0, 0.0, 4.0, 0.0, 0.0, 0.0, 0.0, 1.0, 0.0, 0.0, 2.0, 0.0, 3.0, 1.0, 2.0, 0.0, 0.0, 3.0, 1.0, 1.0, 0.0, 3.0, 0.0, 0.0, 0.0, 2.0, 0.0, 0.0, 0.0, 1.0, 2.0, 1.0, 1.0, 0.0, 1.0, 1.0, 1.0, 0.0, 2.0, 0.0, 0.0, 0.0, 1.0, 1.0, 0.0, 0.0, 0.0, 0.0, 0.0, 0.0, 0.0, 3.0, 8.0, 0.0, 7.0, 6.0, 0.0, 0.0, 0.0, 0.0, 0.0, 0.0, 0.0, 0.0, 0.0]","[94, 85, 242, 164, 74, 309, 155, 147, 228, 95, 281, 64, 130, 129, 143, 131, 204, 64, 29, 34, 163, 49, 55, 36, 107, 384, 102, 124, 24, 52, 37, 75, 291, 36, 270, 106, 135, 33, 22, 76, 103, 111, 71, 41, 288, 283, 95, 58, 94, 170, 58, 229, 162, 39, 96, 233, 62, 24, 297, 58, 149, 206, 155, 118, 78, 178, 45, 297, 55, 301, 146, 276, 113, 90, 46, 45, 224, 111, 76, 157, 38, 175, 154, 70, 34, 43, 32, 188, 140, 179, 127, 119, 156, 52, 90, 23, 109, 83, 345, 68, 79, 29, 103, 105, 27, 41, 192, 300, 79, 94, 101, 108, 116, 132, 78, 97, 90, 73, 47, 84, 27, 68, 99, 75, 81, 77, 85, 57, 359, 285, 67, 427, 315, 55, 155, 15, 87, 125, 141, 41, 50, 64]",0.4558106102895465,0.9253120674809284,5.499094175126039,3650.136,4909.407,33742.393,531.083,5.13,340480,340480,15.978947368421053,38.72631578947368,0.0,0.16129495
7.0,0.0,0.7466666666666667,120.16,150,7,358400,False,3024,20,02d1bc847244430d94cb908fde85c242,2020-11-11_00-48-27,1605055707,13.696591138839722,555.1826798915863,5379,ip-172-31-71-7,172.31.71.7,555.1826798915863,0,20,4b366_00000,0,"[0.0, 2.0, 0.0, 0.0, 0.0, 0.0, 0.0, 0.0, 2.0, 0.0, 1.0, 1.0, 0.0, 1.0, 0.0, 2.0, 0.0, 0.0, 0.0, 0.0, 1.0, 2.0, 0.0, 0.0, 0.0, 1.0, 0.0, 0.0, 0.0, 0.0, 1.0, 0.0, 0.0, 3.0, 0.0, 0.0, 1.0, 0.0, 0.0, 2.0, 1.0, 3.0, 5.0, 0.0, 0.0, 0.0, 0.0, 0.0, 0.0, 1.0, 0.0, 0.0, 1.0, 5.0, 0.0, 1.0, 0.0, 0.0, 0.0, 0.0, 4.0, 0.0, 0.0, 7.0, 0.0, 2.0, 0.0, 2.0, 0.0, 4.0, 0.0, 0.0, 0.0, 1.0, 1.0, 2.0, 0.0, 0.0, 2.0, 1.0, 1.0, 0.0, 1.0, 0.0, 2.0, 1.0, 0.0, 0.0, 0.0, 0.0, 2.0, 0.0, 0.0, 0.0, 0.0, 0.0, 0.0, 1.0, 0.0, 0.0, 1.0, 0.0, 1.0, 1.0, 1.0, 0.0, 0.0, 1.0, 2.0, 0.0, 2.0, 0.0, 1.0, 0.0, 0.0, 1.0, 1.0, 0.0, 5.0, 0.0, 0.0, 3.0, 0.0, 0.0, 0.0, 0.0, 0.0, 1.0, 0.0, 0.0, 0.0, 0.0, 0.0, 2.0, 1.0, 0.0, 1.0, 0.0, 0.0, 0.0, 0.0, 1.0, 4.0, 2.0, 6.0, 0.0, 1.0, 0.0, 2.0, 0.0]","[44, 298, 62, 39, 130, 132, 96, 119, 133, 146, 165, 28, 58, 173, 90, 196, 47, 55, 63, 146, 98, 119, 66, 74, 107, 136, 77, 57, 73, 31, 135, 139, 89, 110, 126, 64, 242, 189, 85, 174, 106, 108, 489, 81, 63, 67, 83, 110, 59, 144, 82, 93, 109, 437, 58, 218, 56, 85, 110, 166, 397, 60, 215, 313, 65, 206, 20, 189, 55, 319, 18, 30, 152, 96, 165, 222, 100, 33, 139, 256, 148, 200, 58, 78, 329, 125, 41, 107, 95, 55, 333, 39, 61, 55, 41, 51, 4, 200, 95, 192, 143, 56, 110, 107, 163, 14, 7, 61, 177, 102, 283, 56, 97, 53, 81, 111, 56, 98, 372, 31, 138, 164, 27, 57, 54, 17, 122, 128, 62, 115, 21, 147, 107, 171, 67, 112, 180, 106, 77, 106, 146, 98, 174, 133, 232, 56, 118, 138, 237, 44]",0.4555843117235306,0.9258003510818257,5.465298238157726,3655.41,4902.323,33747.061,531.009,5.039,358400,358400,15.595000000000002,39.35000000000001,0.0,0.17705801
5.0,0.0,0.9492753623188406,133.36231884057972,138,7,376320,False,3162,21,02d1bc847244430d94cb908fde85c242,2020-11-11_00-48-41,1605055721,13.681375503540039,568.8640553951263,5379,ip-172-31-71-7,172.31.71.7,568.8640553951263,0,21,4b366_00000,0,"[2.0, 1.0, 0.0, 2.0, 0.0, 1.0, 2.0, 0.0, 0.0, 0.0, 0.0, 3.0, 2.0, 0.0, 0.0, 0.0, 0.0, 0.0, 0.0, 0.0, 0.0, 3.0, 0.0, 1.0, 0.0, 0.0, 0.0, 0.0, 1.0, 1.0, 1.0, 0.0, 2.0, 2.0, 2.0, 0.0, 1.0, 0.0, 1.0, 0.0, 2.0, 4.0, 0.0, 3.0, 1.0, 1.0, 0.0, 3.0, 0.0, 0.0, 0.0, 0.0, 0.0, 1.0, 3.0, 0.0, 0.0, 0.0, 1.0, 1.0, 0.0, 1.0, 1.0, 2.0, 2.0, 2.0, 0.0, 0.0, 2.0, 0.0, 5.0, 0.0, 1.0, 1.0, 1.0, 2.0, 3.0, 1.0, 0.0, 0.0, 1.0, 1.0, 3.0, 0.0, 0.0, 3.0, 0.0, 0.0, 1.0, 0.0, 0.0, 5.0, 2.0, 1.0, 0.0, 2.0, 2.0, 3.0, 0.0, 2.0, 4.0, 4.0, 1.0, 1.0, 0.0, 0.0, 0.0, 0.0, 0.0, 1.0, 0.0, 0.0, 3.0, 2.0, 1.0, 0.0, 0.0, 2.0, 0.0, 0.0, 0.0, 0.0, 0.0, 2.0, 0.0, 2.0, 0.0, 4.0, 1.0, 2.0, 0.0, 0.0, 0.0, 2.0, 0.0, 1.0, 0.0, 0.0]","[252, 49, 68, 139, 52, 108, 91, 14, 19, 47, 54, 420, 136, 51, 97, 60, 230, 30, 49, 113, 134, 131, 212, 44, 14, 38, 59, 68, 114, 73, 97, 79, 323, 353, 317, 152, 305, 61, 162, 108, 206, 274, 105, 201, 156, 135, 47, 360, 216, 36, 53, 160, 33, 158, 244, 45, 141, 67, 114, 64, 69, 217, 172, 77, 239, 95, 15, 61, 172, 22, 387, 78, 81, 200, 104, 119, 246, 228, 75, 38, 61, 98, 292, 52, 17, 348, 26, 126, 96, 90, 98, 485, 113, 156, 30, 252, 323, 201, 68, 116, 565, 283, 130, 271, 55, 137, 73, 118, 2, 75, 70, 24, 232, 187, 51, 80, 92, 205, 98, 152, 64, 75, 35, 136, 45, 67, 64, 243, 118, 119, 78, 129, 44, 304, 63, 71, 82, 286]",0.45535629146398976,0.9229292098287268,5.434138046235918,3655.195,4902.611,33747.893,530.996,4.894,376320,376320,15.978947368421053,40.00526315789473,0.0,0.28808084
8.0,0.0,0.7792207792207793,112.26623376623377,154,7,394240,False,3316,22,02d1bc847244430d94cb908fde85c242,2020-11-11_00-48-55,1605055735,13.665979623794556,582.5300350189209,5379,ip-172-31-71-7,172.31.71.7,582.5300350189209,0,22,4b366_00000,0,"[0.0, 0.0, 0.0, 0.0, 2.0, 0.0, 0.0, 4.0, 0.0, 1.0, 0.0, 4.0, 0.0, 0.0, 0.0, 0.0, 1.0, 1.0, 0.0, 0.0, 0.0, 3.0, 1.0, 0.0, 1.0, 0.0, 1.0, 0.0, 1.0, 0.0, 0.0, 3.0, 0.0, 2.0, 3.0, 0.0, 8.0, 1.0, 2.0, 0.0, 2.0, 0.0, 1.0, 1.0, 0.0, 2.0, 0.0, 0.0, 1.0, 1.0, 0.0, 0.0, 0.0, 0.0, 0.0, 0.0, 2.0, 1.0, 1.0, 0.0, 0.0, 2.0, 2.0, 0.0, 0.0, 1.0, 0.0, 1.0, 3.0, 0.0, 1.0, 1.0, 0.0, 0.0, 3.0, 0.0, 0.0, 1.0, 0.0, 0.0, 0.0, 1.0, 0.0, 0.0, 1.0, 0.0, 0.0, 0.0, 1.0, 0.0, 2.0, 3.0, 1.0, 4.0, 0.0, 0.0, 0.0, 0.0, 0.0, 0.0, 0.0, 2.0, 1.0, 0.0, 0.0, 0.0, 1.0, 1.0, 1.0, 3.0, 0.0, 0.0, 0.0, 1.0, 0.0, 0.0, 0.0, 0.0, 1.0, 1.0, 0.0, 0.0, 0.0, 2.0, 3.0, 0.0, 2.0, 0.0, 0.0, 2.0, 2.0, 3.0, 0.0, 0.0, 0.0, 1.0, 1.0, 0.0, 1.0, 0.0, 2.0, 0.0, 0.0, 0.0, 0.0, 1.0, 2.0, 1.0, 2.0, 0.0, 1.0, 0.0, 2.0, 1.0]","[59, 108, 53, 98, 364, 117, 123, 66, 23, 209, 61, 194, 119, 14, 52, 68, 161, 17, 98, 19, 31, 258, 102, 107, 38, 110, 116, 66, 77, 47, 64, 105, 26, 51, 134, 48, 465, 158, 256, 79, 184, 164, 104, 160, 164, 145, 74, 25, 238, 195, 3, 7, 40, 37, 106, 58, 171, 152, 99, 67, 70, 277, 240, 38, 73, 59, 65, 102, 206, 35, 137, 101, 4, 49, 104, 56, 89, 135, 97, 82, 67, 133, 78, 95, 115, 90, 22, 21, 180, 93, 231, 151, 177, 250, 141, 64, 116, 95, 19, 22, 79, 212, 104, 43, 13, 137, 177, 163, 155, 197, 123, 156, 50, 127, 43, 30, 80, 105, 134, 137, 25, 67, 84, 175, 384, 46, 119, 45, 50, 232, 152, 319, 58, 57, 16, 197, 212, 113, 126, 70, 117, 86, 97, 24, 127, 138, 202, 241, 131, 150, 144, 34, 140, 113]",0.45505367154726156,0.9220995715475295,5.407058627055669,3656.18,4901.291,33752.43,530.925,4.808,394240,394240,15.55,40.65999999999999,0.0,0.31138232
5.0,0.0,0.920863309352518,134.3525179856115,139,7,412160,False,3455,23,02d1bc847244430d94cb908fde85c242,2020-11-11_00-49-08,1605055748,13.635447025299072,596.16548204422,5379,ip-172-31-71-7,172.31.71.7,596.16548204422,0,23,4b366_00000,0,"[0.0, 1.0, 1.0, 1.0, 0.0, 2.0, 1.0, 0.0, 0.0, 1.0, 3.0, 3.0, 0.0, 1.0, 2.0, 0.0, 0.0, 0.0, 0.0, 0.0, 2.0, 2.0, 1.0, 2.0, 0.0, 1.0, 3.0, 1.0, 1.0, 0.0, 0.0, 0.0, 1.0, 1.0, 0.0, 1.0, 1.0, 1.0, 0.0, 0.0, 1.0, 0.0, 1.0, 0.0, 3.0, 0.0, 1.0, 0.0, 4.0, 0.0, 0.0, 0.0, 1.0, 0.0, 2.0, 3.0, 3.0, 0.0, 0.0, 0.0, 1.0, 2.0, 3.0, 0.0, 2.0, 2.0, 1.0, 1.0, 0.0, 1.0, 0.0, 2.0, 1.0, 0.0, 0.0, 4.0, 0.0, 0.0, 0.0, 1.0, 2.0, 0.0, 2.0, 0.0, 0.0, 1.0, 0.0, 5.0, 1.0, 0.0, 1.0, 1.0, 1.0, 0.0, 0.0, 1.0, 3.0, 0.0, 1.0, 2.0, 0.0, 0.0, 0.0, 0.0, 0.0, 1.0, 0.0, 4.0, 1.0, 1.0, 0.0, 0.0, 1.0, 0.0, 0.0, 4.0, 0.0, 2.0, 0.0, 0.0, 0.0, 0.0, 0.0, 1.0, 5.0, 0.0, 2.0, 0.0, 0.0, 2.0, 1.0, 0.0, 5.0, 0.0, 2.0, 1.0, 0.0, 0.0, 0.0]","[77, 106, 77, 168, 83, 88, 493, 71, 177, 83, 187, 284, 92, 104, 112, 139, 7, 27, 71, 219, 270, 81, 58, 220, 16, 108, 582, 190, 53, 87, 44, 66, 139, 71, 135, 116, 113, 127, 5, 84, 163, 111, 157, 165, 153, 114, 64, 148, 275, 25, 56, 82, 174, 56, 338, 253, 150, 109, 30, 92, 96, 206, 195, 40, 298, 104, 44, 322, 284, 171, 61, 138, 225, 73, 31, 485, 33, 72, 126, 105, 123, 18, 221, 81, 292, 50, 212, 199, 131, 109, 175, 209, 54, 73, 63, 104, 76, 65, 95, 125, 54, 178, 41, 115, 122, 68, 84, 350, 148, 95, 64, 212, 333, 16, 81, 374, 14, 100, 55, 139, 72, 10, 44, 133, 434, 13, 30, 57, 139, 140, 149, 74, 599, 170, 148, 89, 52, 66, 84]",0.45544426008412,0.9210612372454166,5.381029630184712,3657.351,4899.721,33761.187,530.787,4.732,412160,412160,16.05263157894737,41.31052631578948,0.0,0.15461087
6.0,0.0,0.8136645962732919,113.30434782608695,161,7,430080,False,3616,24,02d1bc847244430d94cb908fde85c242,2020-11-11_00-49-22,1605055762,13.668866634368896,609.8343486785889,5379,ip-172-31-71-7,172.31.71.7,609.8343486785889,0,24,4b366_00000,0,"[2.0, 0.0, 1.0, 3.0, 0.0, 0.0, 0.0, 0.0, 0.0, 4.0, 0.0, 0.0, 2.0, 0.0, 5.0, 0.0, 1.0, 2.0, 1.0, 0.0, 1.0, 0.0, 1.0, 0.0, 0.0, 6.0, 0.0, 1.0, 0.0, 0.0, 0.0, 0.0, 0.0, 0.0, 1.0, 0.0, 1.0, 0.0, 0.0, 1.0, 0.0, 0.0, 1.0, 0.0, 1.0, 5.0, 0.0, 0.0, 0.0, 0.0, 4.0, 0.0, 2.0, 1.0, 0.0, 0.0, 0.0, 1.0, 1.0, 0.0, 0.0, 0.0, 0.0, 1.0, 0.0, 1.0, 0.0, 5.0, 1.0, 2.0, 1.0, 0.0, 5.0, 1.0, 0.0, 1.0, 0.0, 0.0, 0.0, 0.0, 0.0, 2.0, 0.0, 0.0, 1.0, 1.0, 0.0, 0.0, 0.0, 1.0, 0.0, 0.0, 0.0, 0.0, 0.0, 1.0, 0.0, 5.0, 1.0, 0.0, 0.0, 1.0, 5.0, 1.0, 0.0, 0.0, 2.0, 0.0, 0.0, 0.0, 0.0, 0.0, 0.0, 0.0, 0.0, 0.0, 0.0, 0.0, 1.0, 3.0, 2.0, 0.0, 1.0, 2.0, 2.0, 1.0, 0.0, 2.0, 1.0, 0.0, 0.0, 1.0, 0.0, 0.0, 2.0, 2.0, 0.0, 0.0, 2.0, 1.0, 1.0, 1.0, 0.0, 0.0, 3.0, 3.0, 0.0, 0.0, 0.0, 0.0, 2.0, 1.0, 0.0, 0.0, 1.0, 2.0, 1.0, 2.0, 0.0, 1.0, 2.0]","[107, 90, 162, 172, 123, 20, 111, 53, 59, 262, 171, 74, 249, 101, 465, 79, 81, 41, 101, 194, 95, 96, 99, 84, 82, 412, 11, 112, 31, 32, 78, 52, 22, 134, 77, 26, 127, 53, 35, 81, 145, 97, 135, 54, 115, 450, 356, 56, 67, 68, 258, 102, 187, 123, 32, 170, 155, 75, 122, 30, 78, 217, 120, 168, 64, 230, 37, 322, 84, 94, 78, 110, 164, 109, 75, 89, 64, 55, 59, 17, 47, 211, 142, 42, 86, 127, 101, 79, 120, 139, 88, 47, 29, 51, 134, 137, 176, 278, 51, 126, 34, 134, 266, 76, 41, 28, 217, 65, 49, 36, 41, 14, 39, 82, 66, 163, 95, 86, 86, 208, 185, 23, 155, 221, 143, 121, 194, 114, 111, 32, 36, 125, 110, 65, 173, 139, 22, 125, 87, 56, 118, 250, 63, 69, 345, 171, 56, 24, 31, 61, 156, 127, 108, 20, 219, 54, 134, 132, 124, 105, 116]",0.45542511597164315,0.9198805059124879,5.356360214855063,3658.479,4898.211,33775.515,530.562,4.653,430080,430080,15.554999999999998,42.06499999999999,0.0,0.18990639
8.0,0.0,0.8873239436619719,116.6830985915493,142,7,448000,False,3758,25,02d1bc847244430d94cb908fde85c242,2020-11-11_00-49-36,1605055776,13.66390085220337,623.4982495307922,5379,ip-172-31-71-7,172.31.71.7,623.4982495307922,0,25,4b366_00000,0,"[0.0, 0.0, 1.0, 1.0, 3.0, 1.0, 3.0, 3.0, 0.0, 0.0, 0.0, 2.0, 0.0, 0.0, 0.0, 0.0, 0.0, 2.0, 0.0, 0.0, 3.0, 0.0, 0.0, 1.0, 2.0, 0.0, 2.0, 0.0, 2.0, 1.0, 2.0, 4.0, 0.0, 1.0, 0.0, 0.0, 0.0, 0.0, 2.0, 1.0, 1.0, 0.0, 0.0, 0.0, 1.0, 1.0, 0.0, 0.0, 0.0, 2.0, 0.0, 2.0, 0.0, 2.0, 2.0, 1.0, 0.0, 3.0, 2.0, 0.0, 1.0, 2.0, 0.0, 0.0, 2.0, 1.0, 0.0, 0.0, 0.0, 8.0, 3.0, 0.0, 3.0, 0.0, 0.0, 0.0, 3.0, 0.0, 0.0, 0.0, 0.0, 2.0, 0.0, 0.0, 0.0, 1.0, 3.0, 0.0, 1.0, 1.0, 0.0, 1.0, 3.0, 0.0, 1.0, 1.0, 2.0, 0.0, 0.0, 1.0, 6.0, 0.0, 0.0, 0.0, 0.0, 0.0, 0.0, 1.0, 2.0, 1.0, 0.0, 1.0, 0.0, 1.0, 2.0, 2.0, 1.0, 0.0, 0.0, 4.0, 0.0, 0.0, 0.0, 0.0, 1.0, 0.0, 0.0, 0.0, 0.0, 0.0, 2.0, 1.0, 2.0, 1.0, 0.0, 0.0, 0.0, 1.0, 1.0, 0.0, 2.0, 0.0]","[118, 96, 184, 182, 296, 153, 193, 149, 43, 56, 140, 336, 126, 47, 74, 50, 105, 193, 60, 66, 182, 18, 46, 55, 330, 70, 163, 107, 115, 47, 169, 267, 74, 97, 133, 180, 43, 31, 192, 235, 162, 21, 134, 80, 127, 139, 50, 104, 29, 225, 33, 126, 56, 304, 154, 117, 42, 141, 144, 24, 61, 133, 49, 60, 343, 196, 143, 57, 28, 429, 262, 65, 273, 58, 70, 125, 139, 61, 27, 71, 71, 216, 69, 65, 81, 73, 145, 55, 127, 86, 59, 124, 218, 95, 167, 97, 279, 16, 84, 148, 216, 69, 67, 49, 55, 27, 95, 104, 145, 186, 82, 98, 43, 130, 200, 126, 81, 84, 74, 153, 46, 59, 135, 82, 126, 201, 89, 24, 201, 98, 119, 75, 99, 86, 113, 58, 27, 80, 18, 34, 293, 64]",0.454987770930521,0.9191566599993765,5.333950516044003,3656.284,4901.151,33784.909,530.414,4.567,448000,448000,16.021052631578947,42.694736842105264,0.0,0.14004272
9.0,0.0,1.1297709923664123,137.49618320610688,131,7,465920,False,3889,26,02d1bc847244430d94cb908fde85c242,2020-11-11_00-49-49,1605055789,13.683144569396973,637.1813941001892,5379,ip-172-31-71-7,172.31.71.7,637.1813941001892,0,26,4b366_00000,0,"[0.0, 0.0, 1.0, 0.0, 2.0, 1.0, 0.0, 0.0, 3.0, 2.0, 4.0, 0.0, 3.0, 0.0, 0.0, 0.0, 1.0, 1.0, 2.0, 7.0, 0.0, 1.0, 0.0, 4.0, 1.0, 2.0, 9.0, 0.0, 0.0, 0.0, 2.0, 0.0, 0.0, 0.0, 2.0, 0.0, 6.0, 0.0, 0.0, 0.0, 0.0, 3.0, 2.0, 1.0, 0.0, 0.0, 3.0, 0.0, 0.0, 0.0, 0.0, 0.0, 0.0, 1.0, 0.0, 1.0, 0.0, 0.0, 0.0, 1.0, 1.0, 0.0, 1.0, 0.0, 8.0, 1.0, 0.0, 0.0, 0.0, 0.0, 4.0, 1.0, 0.0, 0.0, 3.0, 7.0, 0.0, 2.0, 0.0, 0.0, 0.0, 1.0, 1.0, 0.0, 1.0, 0.0, 0.0, 2.0, 0.0, 0.0, 0.0, 0.0, 0.0, 1.0, 1.0, 0.0, 0.0, 0.0, 2.0, 8.0, 1.0, 7.0, 2.0, 4.0, 0.0, 0.0, 1.0, 0.0, 3.0, 0.0, 1.0, 0.0, 0.0, 2.0, 4.0, 4.0, 0.0, 0.0, 0.0, 0.0, 0.0, 0.0, 0.0, 2.0, 0.0, 4.0, 0.0, 1.0, 1.0, 0.0, 0.0]","[72, 189, 103, 268, 110, 250, 78, 55, 267, 194, 201, 38, 270, 243, 54, 131, 108, 180, 230, 338, 51, 210, 94, 361, 66, 74, 419, 118, 120, 37, 201, 175, 22, 113, 123, 98, 229, 204, 127, 29, 185, 319, 148, 155, 80, 27, 337, 57, 117, 2, 114, 35, 27, 109, 93, 76, 124, 83, 61, 122, 134, 28, 57, 31, 355, 131, 97, 26, 52, 126, 204, 84, 217, 110, 101, 420, 59, 345, 49, 51, 77, 115, 66, 82, 38, 54, 178, 237, 23, 7, 52, 100, 151, 194, 111, 62, 26, 211, 88, 561, 49, 351, 236, 546, 99, 66, 78, 38, 199, 48, 39, 110, 114, 246, 242, 407, 68, 40, 40, 74, 36, 117, 70, 132, 84, 269, 192, 65, 118, 135, 73]",0.45484501174355363,0.9212405449358821,5.314844044220707,3662.471,4892.871,9983.561,1794.951,4.552,465920,465920,15.645000000000001,43.400000000000006,0.0,0.24514511
9.0,0.0,0.9236111111111112,127.90277777777777,144,7,483840,False,4033,27,02d1bc847244430d94cb908fde85c242,2020-11-11_00-50-03,1605055803,13.642167568206787,650.823561668396,5379,ip-172-31-71-7,172.31.71.7,650.823561668396,0,27,4b366_00000,0,"[1.0, 0.0, 1.0, 0.0, 0.0, 5.0, 2.0, 0.0, 0.0, 1.0, 0.0, 1.0, 0.0, 1.0, 1.0, 0.0, 1.0, 1.0, 0.0, 0.0, 1.0, 0.0, 0.0, 0.0, 0.0, 0.0, 2.0, 0.0, 2.0, 0.0, 1.0, 2.0, 0.0, 0.0, 0.0, 0.0, 1.0, 0.0, 2.0, 0.0, 0.0, 1.0, 1.0, 0.0, 1.0, 0.0, 2.0, 2.0, 1.0, 0.0, 0.0, 4.0, 0.0, 0.0, 5.0, 1.0, 0.0, 0.0, 0.0, 2.0, 3.0, 1.0, 0.0, 0.0, 0.0, 3.0, 1.0, 0.0, 1.0, 0.0, 0.0, 0.0, 0.0, 0.0, 0.0, 0.0, 1.0, 0.0, 3.0, 1.0, 0.0, 3.0, 1.0, 3.0, 0.0, 0.0, 0.0, 2.0, 2.0, 0.0, 0.0, 0.0, 2.0, 0.0, 1.0, 0.0, 0.0, 2.0, 4.0, 0.0, 1.0, 1.0, 0.0, 0.0, 0.0, 0.0, 0.0, 5.0, 2.0, 1.0, 0.0, 9.0, 1.0, 0.0, 1.0, 0.0, 1.0, 2.0, 0.0, 3.0, 1.0, 2.0, 0.0, 0.0, 4.0, 0.0, 0.0, 0.0, 1.0, 0.0, 2.0, 0.0, 0.0, 0.0, 1.0, 0.0, 2.0, 2.0, 1.0, 0.0, 2.0, 7.0, 0.0, 1.0]","[319, 59, 59, 77, 49, 181, 111, 143, 104, 165, 89, 183, 47, 135, 235, 66, 174, 147, 54, 146, 62, 85, 53, 145, 56, 163, 173, 43, 105, 22, 106, 156, 127, 109, 59, 29, 113, 128, 121, 84, 30, 213, 116, 166, 151, 26, 115, 173, 255, 143, 32, 321, 107, 78, 245, 66, 75, 79, 93, 205, 157, 109, 99, 89, 55, 215, 112, 102, 116, 108, 132, 64, 120, 30, 16, 16, 81, 57, 257, 98, 49, 250, 84, 211, 58, 195, 111, 101, 147, 39, 62, 87, 189, 88, 51, 45, 6, 40, 128, 119, 74, 23, 226, 103, 59, 60, 33, 149, 204, 87, 225, 917, 47, 112, 230, 25, 332, 260, 109, 545, 68, 164, 24, 109, 208, 73, 90, 29, 98, 11, 146, 202, 47, 71, 166, 45, 201, 161, 228, 293, 189, 588, 40, 83]",0.45481555069549173,0.9175649309867305,5.297099440265951,3663.867,4891.007,9979.64,1795.656,4.57,483840,483840,16.0,43.99999999999999,0.0,0.13173816
10.0,0.0,0.916083916083916,120.9020979020979,143,7,501760,False,4176,28,02d1bc847244430d94cb908fde85c242,2020-11-11_00-50-17,1605055817,13.654207229614258,664.4777688980103,5379,ip-172-31-71-7,172.31.71.7,664.4777688980103,0,28,4b366_00000,0,"[2.0, 1.0, 0.0, 3.0, 0.0, 3.0, 0.0, 1.0, 1.0, 4.0, 3.0, 1.0, 0.0, 0.0, 1.0, 0.0, 3.0, 0.0, 0.0, 2.0, 4.0, 0.0, 1.0, 0.0, 1.0, 0.0, 0.0, 0.0, 0.0, 1.0, 0.0, 3.0, 2.0, 0.0, 0.0, 1.0, 0.0, 0.0, 1.0, 0.0, 1.0, 5.0, 0.0, 0.0, 0.0, 0.0, 1.0, 0.0, 2.0, 2.0, 1.0, 0.0, 0.0, 0.0, 0.0, 0.0, 0.0, 4.0, 0.0, 0.0, 0.0, 0.0, 0.0, 1.0, 4.0, 1.0, 1.0, 0.0, 1.0, 0.0, 3.0, 10.0, 0.0, 1.0, 1.0, 0.0, 2.0, 0.0, 0.0, 2.0, 0.0, 5.0, 1.0, 1.0, 0.0, 0.0, 0.0, 0.0, 0.0, 0.0, 1.0, 0.0, 2.0, 2.0, 0.0, 1.0, 0.0, 2.0, 3.0, 0.0, 3.0, 0.0, 0.0, 2.0, 0.0, 0.0, 0.0, 2.0, 0.0, 0.0, 0.0, 1.0, 1.0, 0.0, 0.0, 1.0, 0.0, 3.0, 0.0, 0.0, 1.0, 2.0, 0.0, 0.0, 0.0, 0.0, 0.0, 0.0, 2.0, 0.0, 2.0, 1.0, 1.0, 2.0, 0.0, 1.0, 0.0, 2.0, 0.0, 3.0, 0.0, 0.0, 1.0]","[92, 150, 66, 266, 44, 261, 50, 268, 109, 123, 234, 245, 110, 136, 128, 23, 98, 63, 96, 184, 215, 51, 106, 35, 153, 117, 58, 122, 129, 96, 144, 131, 158, 108, 34, 388, 53, 36, 141, 56, 47, 188, 71, 44, 96, 35, 121, 117, 114, 212, 92, 41, 106, 39, 100, 190, 65, 516, 124, 57, 75, 75, 151, 79, 275, 91, 71, 40, 68, 24, 181, 627, 61, 152, 126, 122, 208, 17, 102, 86, 120, 306, 115, 49, 40, 119, 60, 264, 177, 54, 85, 33, 114, 122, 74, 286, 217, 232, 79, 38, 156, 78, 25, 178, 39, 51, 80, 226, 123, 10, 102, 101, 140, 99, 80, 167, 208, 300, 49, 124, 85, 174, 79, 60, 158, 93, 101, 24, 107, 124, 169, 87, 53, 184, 115, 86, 52, 75, 45, 250, 77, 16, 72]",0.4545588626409555,0.9167112051096642,5.279499547681629,3662.941,4892.244,9979.579,1795.667,4.604,501760,501760,15.615,44.760000000000005,0.0,0.25341272
6.0,0.0,0.8503401360544217,123.63945578231292,147,7,519680,False,4323,29,02d1bc847244430d94cb908fde85c242,2020-11-11_00-50-30,1605055830,13.648798704147339,678.1265676021576,5379,ip-172-31-71-7,172.31.71.7,678.1265676021576,0,29,4b366_00000,0,"[1.0, 0.0, 0.0, 0.0, 1.0, 0.0, 0.0, 6.0, 0.0, 0.0, 0.0, 2.0, 0.0, 2.0, 1.0, 0.0, 0.0, 1.0, 3.0, 3.0, 1.0, 3.0, 0.0, 0.0, 2.0, 1.0, 0.0, 2.0, 0.0, 0.0, 0.0, 0.0, 0.0, 0.0, 1.0, 0.0, 1.0, 2.0, 0.0, 0.0, 0.0, 1.0, 1.0, 2.0, 0.0, 0.0, 0.0, 0.0, 4.0, 0.0, 6.0, 5.0, 0.0, 1.0, 1.0, 0.0, 0.0, 2.0, 0.0, 0.0, 0.0, 0.0, 2.0, 4.0, 0.0, 0.0, 1.0, 0.0, 0.0, 1.0, 0.0, 0.0, 1.0, 2.0, 0.0, 0.0, 1.0, 0.0, 2.0, 5.0, 0.0, 0.0, 2.0, 1.0, 0.0, 0.0, 4.0, 0.0, 1.0, 2.0, 0.0, 4.0, 1.0, 0.0, 0.0, 5.0, 0.0, 0.0, 0.0, 0.0, 0.0, 2.0, 0.0, 2.0, 1.0, 0.0, 0.0, 1.0, 1.0, 0.0, 0.0, 1.0, 0.0, 1.0, 2.0, 0.0, 3.0, 0.0, 1.0, 1.0, 2.0, 0.0, 0.0, 0.0, 0.0, 1.0, 0.0, 2.0, 1.0, 0.0, 0.0, 1.0, 0.0, 0.0, 1.0, 2.0, 0.0, 0.0, 0.0, 2.0, 0.0, 0.0, 0.0, 0.0, 0.0, 2.0, 0.0]","[220, 42, 111, 102, 213, 51, 47, 620, 86, 86, 49, 67, 93, 201, 229, 18, 141, 52, 145, 257, 106, 239, 67, 96, 91, 41, 102, 313, 250, 76, 33, 36, 60, 9, 77, 36, 126, 211, 36, 88, 82, 223, 162, 220, 255, 22, 91, 34, 245, 23, 382, 217, 61, 190, 178, 14, 146, 163, 63, 133, 51, 76, 142, 256, 103, 45, 48, 250, 74, 37, 10, 168, 158, 134, 70, 12, 107, 54, 182, 166, 165, 14, 142, 70, 144, 101, 234, 63, 118, 257, 87, 176, 298, 64, 66, 313, 75, 188, 111, 114, 73, 209, 29, 182, 197, 112, 20, 79, 114, 112, 83, 273, 170, 120, 153, 68, 160, 97, 218, 125, 176, 88, 72, 49, 52, 214, 70, 201, 199, 107, 98, 96, 35, 33, 228, 99, 54, 59, 118, 266, 48, 67, 102, 68, 41, 141, 30]",0.4544311893945666,0.9164713694890478,5.263290617114848,3655.443,4902.278,9978.219,1795.912,4.615,519680,519680,15.989473684210527,45.32105263157895,0.0,0.20422947
8.0,0.0,1.0638297872340425,129.4822695035461,141,7,537600,False,4464,30,02d1bc847244430d94cb908fde85c242,2020-11-11_00-50-44,1605055844,13.726482152938843,691.8530497550964,5379,ip-172-31-71-7,172.31.71.7,691.8530497550964,0,30,4b366_00000,0,"[3.0, 2.0, 5.0, 0.0, 1.0, 0.0, 0.0, 0.0, 3.0, 1.0, 2.0, 2.0, 1.0, 0.0, 0.0, 0.0, 0.0, 2.0, 1.0, 2.0, 0.0, 7.0, 0.0, 0.0, 2.0, 1.0, 0.0, 0.0, 0.0, 0.0, 0.0, 1.0, 2.0, 0.0, 0.0, 1.0, 2.0, 0.0, 2.0, 0.0, 0.0, 1.0, 0.0, 1.0, 1.0, 0.0, 0.0, 2.0, 3.0, 0.0, 0.0, 0.0, 1.0, 0.0, 2.0, 0.0, 1.0, 0.0, 1.0, 5.0, 1.0, 0.0, 1.0, 0.0, 0.0, 0.0, 0.0, 0.0, 0.0, 0.0, 0.0, 4.0, 0.0, 1.0, 3.0, 0.0, 1.0, 0.0, 1.0, 0.0, 0.0, 1.0, 3.0, 0.0, 0.0, 1.0, 2.0, 0.0, 1.0, 1.0, 1.0, 5.0, 3.0, 1.0, 0.0, 2.0, 0.0, 0.0, 0.0, 6.0, 1.0, 0.0, 1.0, 0.0, 1.0, 0.0, 1.0, 6.0, 1.0, 0.0, 1.0, 0.0, 8.0, 4.0, 0.0, 2.0, 0.0, 2.0, 4.0, 0.0, 0.0, 0.0, 2.0, 0.0, 0.0, 1.0, 0.0, 7.0, 0.0, 1.0, 1.0, 1.0, 1.0, 0.0, 0.0, 1.0, 0.0, 2.0, 1.0, 0.0, 0.0]","[157, 211, 240, 132, 341, 23, 97, 159, 248, 77, 100, 130, 285, 79, 176, 45, 73, 116, 99, 400, 135, 453, 115, 92, 222, 261, 118, 84, 37, 87, 59, 162, 185, 45, 162, 173, 98, 155, 186, 52, 94, 106, 24, 123, 81, 30, 83, 167, 318, 91, 126, 125, 125, 28, 100, 33, 130, 59, 59, 192, 149, 73, 137, 33, 16, 78, 14, 112, 98, 78, 21, 310, 55, 115, 498, 31, 79, 63, 161, 188, 9, 107, 132, 37, 46, 159, 78, 176, 62, 170, 160, 166, 193, 63, 45, 238, 76, 141, 50, 388, 132, 74, 34, 60, 155, 58, 139, 354, 126, 83, 281, 21, 329, 304, 31, 154, 20, 139, 231, 104, 52, 20, 140, 113, 36, 214, 26, 299, 128, 88, 94, 198, 114, 55, 197, 112, 85, 298, 83, 56, 52]",0.45457365598597765,0.9161975346650069,5.2486005547528585,3657.626,4899.353,9979.026,1795.766,4.639,537600,537600,15.530000000000001,46.05499999999999,0.0,0.23043974
7.0,0.0,0.7761194029850746,118.33582089552239,134,7,555520,False,4598,31,02d1bc847244430d94cb908fde85c242,2020-11-11_00-50-58,1605055858,13.735418319702148,705.5884680747986,5379,ip-172-31-71-7,172.31.71.7,705.5884680747986,0,31,4b366_00000,0,"[0.0, 1.0, 7.0, 2.0, 0.0, 2.0, 0.0, 1.0, 0.0, 0.0, 0.0, 4.0, 0.0, 1.0, 0.0, 1.0, 0.0, 2.0, 5.0, 0.0, 0.0, 0.0, 2.0, 0.0, 0.0, 1.0, 0.0, 0.0, 5.0, 0.0, 5.0, 0.0, 0.0, 1.0, 0.0, 1.0, 1.0, 1.0, 0.0, 1.0, 1.0, 0.0, 0.0, 1.0, 1.0, 0.0, 0.0, 4.0, 1.0, 0.0, 0.0, 0.0, 0.0, 0.0, 1.0, 0.0, 0.0, 1.0, 1.0, 2.0, 0.0, 0.0, 0.0, 0.0, 1.0, 0.0, 1.0, 2.0, 0.0, 1.0, 0.0, 4.0, 0.0, 0.0, 1.0, 1.0, 0.0, 0.0, 1.0, 0.0, 1.0, 1.0, 0.0, 3.0, 0.0, 0.0, 0.0, 1.0, 0.0, 0.0, 1.0, 1.0, 0.0, 2.0, 0.0, 0.0, 0.0, 0.0, 0.0, 0.0, 0.0, 2.0, 2.0, 1.0, 1.0, 0.0, 1.0, 2.0, 0.0, 4.0, 0.0, 0.0, 0.0, 0.0, 1.0, 1.0, 0.0, 0.0, 1.0, 0.0, 1.0, 0.0, 2.0, 0.0, 1.0, 0.0, 2.0, 0.0, 1.0, 2.0, 0.0, 0.0, 0.0, 0.0]","[105, 105, 237, 147, 54, 258, 68, 127, 53, 16, 171, 190, 43, 117, 125, 100, 29, 426, 399, 98, 66, 37, 132, 32, 154, 143, 100, 56, 165, 100, 168, 27, 41, 167, 169, 264, 95, 266, 67, 33, 121, 103, 32, 85, 174, 12, 41, 350, 100, 38, 126, 54, 142, 69, 142, 125, 23, 224, 92, 214, 59, 110, 38, 59, 172, 50, 114, 143, 29, 95, 59, 371, 169, 26, 15, 92, 71, 91, 114, 73, 109, 168, 68, 536, 16, 119, 83, 263, 55, 46, 72, 125, 60, 265, 73, 42, 303, 111, 120, 58, 102, 123, 142, 117, 139, 87, 57, 256, 35, 205, 63, 69, 59, 40, 204, 178, 24, 27, 79, 109, 13, 34, 102, 147, 104, 98, 285, 165, 226, 145, 77, 95, 75, 117]",0.4544839108428916,0.9158107925481024,5.235531403011316,3663.595,4891.37,9978.475,1795.866,4.659,555520,555520,16.105263157894736,46.73684210526316,0.0,0.18127513
